go_id,go_name,k,n_targets,K,N_universe,odds_ratio,p_value,fdr_bh
GO:0007169,cell surface receptor protein tyrosine kinase signaling pathway,11,11,443,34737,inf,1.282516630271989e-21,8.878529602854153e-19
GO:0018108,peptidyl-tyrosine phosphorylation,8,11,52,34737,2101.939393939394,2.3554640782464835e-21,8.878529602854153e-19
GO:0018212,peptidyl-tyrosine modification,8,11,54,34737,2010.4347826086957,3.256184450924506e-21,8.878529602854153e-19
GO:0007167,enzyme-linked receptor protein signaling pathway,11,11,654,34737,inf,9.696327101629792e-20,1.9828988922832926e-17
GO:0051897,positive regulation of phosphatidylinositol 3-kinase/protein kinase B signal transduction,9,11,215,34737,754.0776699029126,6.12748157909074e-19,1.002455986339245e-16
GO:0046777,protein autophosphorylation,8,11,111,34737,896.3883495145631,1.3757340344388035e-18,1.8755840669515687e-16
GO:0051896,regulation of phosphatidylinositol 3-kinase/protein kinase B signal transduction,9,11,307,34737,519.8859060402684,1.5841266676033997e-17,1.8511651629994016e-15
GO:0006468,protein phosphorylation,9,11,330,34737,482.3130841121495,3.0567652496936286e-17,3.1255424678117352e-15
GO:0016310,phosphorylation,9,11,377,34737,420.13858695652175,1.0248131843550026e-16,9.314413164471023e-15
GO:0043410,positive regulation of MAPK cascade,9,11,498,34737,315.0644171779141,1.2767150822418475e-15,1.0443529372738312e-13
GO:0018193,peptidyl-amino acid modification,8,11,294,34737,321.1188811188811,3.8635346484471555e-15,2.8730648567543395e-13
GO:1902533,positive regulation of intracellular signal transduction,10,11,1239,34737,272.55492270138325,3.425540961345893e-14,2.2135594019034724e-12
GO:0043408,regulation of MAPK cascade,9,11,719,34737,215.5943661971831,3.517881690066643e-14,2.2135594019034724e-12
GO:0007166,cell surface receptor signaling pathway,11,11,2372,34737,inf,1.4728173033173664e-13,8.605461100811471e-12
GO:0009967,positive regulation of signal transduction,10,11,1767,34737,187.6437108708025,1.188141976197743e-12,6.26122927872634e-11
GO:0071495,cellular response to endogenous stimulus,8,11,602,34737,153.2300785634119,1.2246903234672548e-12,6.26122927872634e-11
GO:0010647,positive regulation of cell communication,10,11,1993,34737,165.1185073121533,3.9457775926060486e-12,1.811153635992658e-10
GO:0023056,positive regulation of signaling,10,11,1995,34737,164.94206549118388,3.9854236488836e-12,1.811153635992658e-10
GO:1902531,regulation of intracellular signal transduction,10,11,2205,34737,148.20501138952164,1.0802929200734994e-11,4.6509453085269604e-10
GO:0006796,phosphate-containing compound metabolic process,9,11,1439,34737,104.77762237762238,1.7887425736831803e-11,7.054706300362084e-10
GO:0006793,phosphorus metabolic process,9,11,1441,34737,104.625,1.811110419408359e-11,7.054706300362084e-10
GO:0036211,protein modification process,9,11,1510,34737,99.60859427048634,2.7519809150430493e-11,1.0232365402296429e-09
GO:0009719,response to endogenous stimulus,8,11,928,34737,97.98840579710145,3.8699235443811716e-11,1.376346721436434e-09
GO:0048584,positive regulation of response to stimulus,10,11,2626,34737,122.74464831804282,6.147795627943541e-11,2.0953736765240905e-09
GO:0043412,macromolecule modification,9,11,1733,34737,86.14211136890951,9.42194689408226e-11,3.082861023743716e-09
GO:0071363,cellular response to growth factor stimulus,6,11,287,34737,147.09608540925268,1.3471455600886116e-10,4.238327185201863e-09
GO:0042127,regulation of cell population proliferation,9,11,1861,34737,79.87742980561555,1.779400256244025e-10,5.390923739287453e-09
GO:0043085,positive regulation of catalytic activity,6,11,304,34737,138.63624161073827,1.9042889765825563e-10,5.563244224444754e-09
GO:0070848,response to growth factor,6,11,326,34737,129.0225,2.897829357646153e-10,8.173877291567426e-09
GO:0010976,positive regulation of neuron projection development,5,11,154,34737,193.38366890380314,7.254357245519845e-10,1.9780214089450777e-08
GO:0044093,positive regulation of molecular function,6,11,387,34737,108.1732283464567,8.108125547070966e-10,2.1394989346787257e-08
GO:0009966,regulation of signal transduction,10,11,3443,34737,91.15351004951937,9.053667600617592e-10,2.314343780407872e-08
GO:0051094,positive regulation of developmental process,8,11,1466,34737,60.84682213077275,1.4545569547050369e-09,3.605538148329455e-08
GO:0048856,anatomical structure development,10,11,3650,34737,85.4010989010989,1.6147747341081054e-09,3.884958036765972e-08
GO:0016477,cell migration,7,11,918,34737,64.95746432491767,2.647619454524587e-09,6.187864896574606e-08
GO:0030154,cell differentiation,9,11,2545,34737,57.11947949526814,2.8820067177231613e-09,6.452287890183694e-08
GO:0022603,regulation of anatomical structure morphogenesis,7,11,931,34737,64.01893939393939,2.9185165273447027e-09,6.452287890183694e-08
GO:0023051,regulation of signaling,10,11,3941,34737,78.3388450775884,3.4512095952589903e-09,7.422527250933433e-08
GO:0010646,regulation of cell communication,10,11,3951,34737,78.11469170261356,3.5388577357751082e-09,7.422527250933433e-08
GO:0042221,response to chemical,9,11,2743,34737,52.656912948061446,5.600175485182631e-09,1.1330844409220645e-07
GO:0050790,regulation of catalytic activity,6,11,536,34737,77.42490566037736,5.679274092641155e-09,1.1330844409220645e-07
GO:0008284,positive regulation of cell population proliferation,7,11,1032,34737,57.53829268292683,5.952630706480479e-09,1.1593456947383409e-07
GO:0001934,positive regulation of protein phosphorylation,5,11,244,34737,120.24755927475593,7.325967851912525e-09,1.393637605317313e-07
GO:0060429,epithelium development,5,11,248,34737,118.25445816186557,7.947189479073757e-09,1.477454771336894e-07
GO:0032501,multicellular organismal process,10,11,4304,34737,70.87098276665114,8.249423180849036e-09,1.499561813763225e-07
GO:0051240,positive regulation of multicellular organismal process,8,11,1877,34737,46.87997146424113,1.0206947889856273e-08,1.8150616030222676e-07
GO:0042327,positive regulation of phosphorylation,5,11,266,34737,110.04150702426564,1.1283169057144062e-08,1.9637515507965624e-07
GO:0030335,positive regulation of cell migration,6,11,607,34737,68.13643926788686,1.1912768607739166e-08,2.0301343169022163e-07
GO:0048870,cell motility,7,11,1154,34737,51.2321272885789,1.2877967468202369e-08,2.1498321202019466e-07
GO:0051130,positive regulation of cellular component organization,7,11,1176,34737,50.23502994011976,1.4669520970979997e-08,2.399933630852328e-07
GO:0048583,regulation of response to stimulus,10,11,4692,34737,64.16915847928236,1.9348999147426088e-08,3.103427706391086e-07
GO:0048869,cellular developmental process,9,11,3220,34737,44.16614761756462,2.3125705638174908e-08,3.6378513869282837e-07
GO:2000147,positive regulation of cell motility,6,11,703,34737,58.58651362984218,2.850131380473684e-08,4.3988820174103275e-07
GO:0045937,positive regulation of phosphate metabolic process,5,11,329,34737,88.48251028806584,3.2598545594873367e-08,4.797193977210884e-07
GO:0010562,positive regulation of phosphorus metabolic process,5,11,329,34737,88.48251028806584,3.2598545594873367e-08,4.797193977210884e-07
GO:0040017,positive regulation of locomotion,6,11,720,34737,57.16302521008404,3.28414257608569e-08,4.797193977210884e-07
GO:0065009,regulation of molecular function,6,11,745,34737,55.18863328822734,4.020755196786275e-08,5.770136405212584e-07
GO:0031346,positive regulation of cell projection organization,5,11,357,34737,81.3778409090909,4.895999717727675e-08,6.905047877760756e-07
GO:0038084,vascular endothelial growth factor signaling pathway,3,11,25,34737,591.5454545454545,5.412187283497613e-08,7.503676606611944e-07
GO:0002053,positive regulation of mesenchymal cell proliferation,3,11,27,34737,542.21875,6.880512019216725e-08,9.2868487081785e-07
GO:0031401,positive regulation of protein modification process,5,11,384,34737,75.52110817941953,7.035870879627615e-08,9.2868487081785e-07
GO:0045860,positive regulation of protein kinase activity,4,11,135,34737,150.9051254089422,7.048553982686894e-08,9.2868487081785e-07
GO:0048513,animal organ development,7,11,1484,34737,39.394549763033176,7.265994099308362e-08,9.2868487081785e-07
GO:0070887,cellular response to chemical stimulus,7,11,1484,34737,39.394549763033176,7.265994099308362e-08,9.2868487081785e-07
GO:0033674,positive regulation of kinase activity,4,11,142,34737,143.22153209109732,8.637635245095065e-08,1.0870131739211942e-06
GO:0001932,regulation of protein phosphorylation,5,11,403,34737,71.87604690117253,8.943896663723254e-08,1.1085011319584276e-06
GO:0009653,anatomical structure morphogenesis,7,11,1537,34737,37.969281045751636,9.242319729814312e-08,1.1283906774609115e-06
GO:0050921,positive regulation of chemotaxis,4,11,147,34737,138.19380619380618,9.926457112457521e-08,1.194094399704449e-06
GO:0048729,tissue morphogenesis,5,11,419,34737,69.06602254428341,1.0851190917055935e-07,1.286416546398805e-06
GO:0042981,regulation of apoptotic process,7,11,1610,34737,36.16048034934498,1.2699752408088948e-07,1.4840567814023942e-06
GO:0061138,morphogenesis of a branching epithelium,4,11,159,34737,127.45069124423964,1.360283931222443e-07,1.5672003601971245e-06
GO:0048468,cell development,6,11,924,34737,44.19346405228758,1.436571776713083e-07,1.6321051574323637e-06
GO:0010975,regulation of neuron projection development,5,11,445,34737,64.93560606060606,1.46277382000237e-07,1.6391081983040257e-06
GO:0042325,regulation of phosphorylation,5,11,448,34737,64.49021820917983,1.5123200215615724e-07,1.6717267265369814e-06
GO:0010464,regulation of mesenchymal cell proliferation,3,11,35,34737,406.5703125,1.5374610827598406e-07,1.6768575542633995e-06
GO:0043067,regulation of programmed cell death,7,11,1675,34737,34.68315347721823,1.6648585779976804e-07,1.7814769851429307e-06
GO:0043406,positive regulation of MAP kinase activity,3,11,36,34737,394.2386363636364,1.6769404383374775e-07,1.7814769851429307e-06
GO:0001763,morphogenesis of a branching structure,4,11,169,34737,119.6917748917749,1.737278526318114e-07,1.8219151724720735e-06
GO:0050793,regulation of developmental process,8,11,2810,34737,30.382108018082324,2.398560664960281e-07,2.4835729416930506e-06
GO:0001657,ureteric bud development,3,11,41,34737,342.3157894736842,2.50150481902671e-07,2.5577886774548107e-06
GO:0071396,cellular response to lipid,5,11,524,34737,54.924534360950545,3.284926555530842e-07,3.317370274597813e-06
GO:0070374,positive regulation of ERK1 and ERK2 cascade,4,11,207,34737,97.17945109078114,3.912019732455942e-07,3.902478220913366e-06
GO:0030334,regulation of cell migration,6,11,1106,34737,36.68290909090909,4.1400875712351295e-07,4.080230883458236e-06
GO:0072164,mesonephric tubule development,3,11,49,34737,282.7173913043478,4.317452425229605e-07,4.204376290283116e-06
GO:0048731,system development,6,11,1123,34737,36.106356311548794,4.5280615364568814e-07,4.357593337437328e-06
GO:0072163,mesonephric epithelium development,3,11,50,34737,276.6941489361702,4.59224066803209e-07,4.367968449360755e-06
GO:0050920,regulation of chemotaxis,4,11,219,34737,91.72358803986711,4.899482197425122e-07,4.606639583326149e-06
GO:0030030,cell projection organization,6,11,1169,34737,34.63078245915735,5.730856360058927e-07,5.327091480145684e-06
GO:0048678,response to axon injury,3,11,54,34737,254.96323529411765,5.807510661623033e-07,5.337689574390608e-06
GO:0071902,positive regulation of protein serine/threonine kinase activity,3,11,55,34737,250.0528846153846,6.141497657153842e-07,5.5819389817242705e-06
GO:0051174,regulation of phosphorus metabolic process,5,11,599,34737,47.88439955106622,6.357746863109613e-07,5.714985641784246e-06
GO:0045859,regulation of protein kinase activity,4,11,243,34737,82.45546921697549,7.418204256866636e-07,6.59575117621403e-06
GO:2000145,regulation of cell motility,6,11,1235,34737,32.70659072416599,7.906745610241656e-07,6.954535386212553e-06
GO:0040012,regulation of locomotion,6,11,1284,34737,31.40657276995305,9.92854563835056e-07,8.639947161883785e-06
GO:0051239,regulation of multicellular organismal process,8,11,3386,34737,24.746792974146437,1.017943000777933e-06,8.765024996172097e-06
GO:0043549,regulation of kinase activity,4,11,265,34737,75.45703338806787,1.0476313017805638e-06,8.92669171725522e-06
GO:0071300,cellular response to retinoic acid,3,11,66,34737,206.32738095238096,1.0691863329064009e-06,9.016437322860164e-06
GO:0031399,regulation of protein modification process,5,11,672,34737,42.55247376311844,1.1199092295094486e-06,9.347813772844173e-06
GO:0120035,regulation of plasma membrane bounded cell projection organization,5,11,682,34737,41.911619891678974,1.2042580106901658e-06,9.950333866106622e-06
GO:0043405,regulation of MAP kinase activity,3,11,69,34737,196.9318181818182,1.2235555511349311e-06,1.0008684408283737e-05
GO:0031344,regulation of cell projection organization,5,11,701,34737,40.74473180076628,1.378339507502618e-06,1.116318531818952e-05
GO:1901888,regulation of cell junction assembly,4,11,285,34737,70.04575495678698,1.399243443105418e-06,1.1221383690786586e-05
GO:0072073,kidney epithelium development,3,11,74,34737,183.03697183098592,1.5125249004363478e-06,1.2012090956863423e-05
GO:0035239,tube morphogenesis,4,11,303,34737,65.79455327281414,1.7846993434379002e-06,1.4037346758963484e-05
GO:0051338,regulation of transferase activity,4,11,307,34737,64.91843470061292,1.880093308913298e-06,1.4646822158962643e-05
GO:0070372,regulation of ERK1 and ERK2 cascade,4,11,315,34737,63.23380799265043,2.0821984925319437e-06,1.6068286480105e-05
GO:0009888,tissue development,5,11,767,34737,37.14348206474191,2.143330236014837e-06,1.637515226035585e-05
GO:0001525,angiogenesis,4,11,318,34737,62.62420382165605,2.1620005429320686e-06,1.637515226035585e-05
GO:0002009,morphogenesis of an epithelium,4,11,336,34737,59.197934595524956,2.6895464572490054e-06,2.018393579843749e-05
GO:0048661,positive regulation of smooth muscle cell proliferation,3,11,94,34737,142.72664835164835,3.116823116754975e-06,2.3177830086414266e-05
GO:0051247,positive regulation of protein metabolic process,5,11,831,34737,34.20096852300242,3.17312697710146e-06,2.338394475017112e-05
GO:2000026,regulation of multicellular organismal development,6,11,1575,34737,25.35908221797323,3.2659263759606438e-06,2.385292656728399e-05
GO:0033993,response to lipid,5,11,854,34737,33.25186493914409,3.626183741894283e-06,2.6249719476721448e-05
GO:0048646,anatomical structure formation involved in morphogenesis,5,11,856,34737,33.171758715236976,3.6678700287193306e-06,2.6318576170986072e-05
GO:0030155,regulation of cell adhesion,5,11,869,34737,32.66010802469136,3.948142590176218e-06,2.808330990229692e-05
GO:0051345,positive regulation of hydrolase activity,3,11,104,34737,128.55816831683168,4.2270089617733124e-06,2.9807701126987673e-05
GO:0010604,positive regulation of macromolecule metabolic process,8,11,4080,34737,20.074656188605108,4.271814965293218e-06,2.9866193518032926e-05
GO:0032526,response to retinoic acid,3,11,106,34737,126.05461165048544,4.476521836823656e-06,3.077138539934244e-05
GO:0030324,lung development,3,11,106,34737,126.05461165048544,4.476521836823656e-06,3.077138539934244e-05
GO:1901701,cellular response to oxygen-containing compound,5,11,926,34737,30.587224031849438,5.3830372285675365e-06,3.669437044140204e-05
GO:1901890,positive regulation of cell junction assembly,3,11,114,34737,116.94256756756756,5.572018766765073e-06,3.766868885300686e-05
GO:0051716,cellular response to stimulus,7,11,2835,34737,19.738861386138613,5.884624854565508e-06,3.94134864107956e-05
GO:0051128,regulation of cellular component organization,7,11,2838,34737,19.716089720946663,5.926477785486379e-06,3.94134864107956e-05
GO:0071900,regulation of protein serine/threonine kinase activity,3,11,122,34737,109.05567226890756,6.831824388981166e-06,4.506800282408543e-05
GO:0009893,positive regulation of metabolic process,8,11,4368,34737,18.572477064220184,7.195477868149279e-06,4.708720716916888e-05
GO:0051384,response to glucocorticoid,3,11,139,34737,95.37683823529412,1.01052574348126e-05,6.560397287045005e-05
GO:0031175,neuron projection development,4,11,508,34737,38.80045351473923,1.3749478092609333e-05,8.855963054924752e-05
GO:0045785,positive regulation of cell adhesion,4,11,522,34737,37.73634859349145,1.5298982147470667e-05,9.777005778617973e-05
GO:0031960,response to corticosteroid,3,11,163,34737,81.0140625,1.628012469546887e-05,0.00010323365892165531
GO:0051336,regulation of hydrolase activity,3,11,165,34737,80.00925925925925,1.6884736924118004e-05,0.00010543293743456891
GO:0048660,regulation of smooth muscle cell proliferation,3,11,165,34737,80.00925925925925,1.6884736924118004e-05,0.00010543293743456891
GO:0048469,cell maturation,3,11,170,34737,77.60254491017965,1.846069167272274e-05,0.00011440034688096365
GO:0048639,positive regulation of developmental growth,3,11,177,34737,74.46551724137932,2.0825758657408415e-05,0.00012808624497563973
GO:0030097,hemopoiesis,3,11,180,34737,73.19703389830508,2.189761693190529e-05,0.00013268333815035944
GO:0043524,negative regulation of neuron apoptotic process,3,11,180,34737,73.19703389830508,2.189761693190529e-05,0.00013268333815035944
GO:0045165,cell fate commitment,3,11,181,34737,72.78370786516854,2.2262823716058095e-05,0.0001339043367627612
GO:0051963,regulation of synapse assembly,3,11,183,34737,71.97083333333333,2.3005243160579854e-05,0.00013735977303178337
GO:0048666,neuron development,3,11,187,34737,70.39809782608695,2.4538687066375952e-05,0.00014545395666880817
GO:0060396,growth hormone receptor signaling pathway,2,11,24,34737,350.54545454545456,2.5065657646750403e-05,0.0001455772638261197
GO:0014812,muscle cell migration,2,11,24,34737,350.54545454545456,2.5065657646750403e-05,0.0001455772638261197
GO:0032101,regulation of response to external stimulus,5,11,1272,34737,22.00670876085241,2.509339144191061e-05,0.0001455772638261197
GO:0043068,positive regulation of programmed cell death,4,11,603,34737,32.55616503696637,2.6927509173636713e-05,0.00015474159284181385
GO:0050927,positive regulation of positive chemotaxis,2,11,25,34737,335.29468599033817,2.7240573801003904e-05,0.00015474159284181385
GO:0034112,positive regulation of homotypic cell-cell adhesion,2,11,25,34737,335.29468599033817,2.7240573801003904e-05,0.00015474159284181385
GO:0050926,regulation of positive chemotaxis,2,11,26,34737,321.31481481481484,2.9505524061392345e-05,0.00016645185298082025
GO:0045766,positive regulation of angiogenesis,3,11,200,34737,65.7277918781726,2.998443231120531e-05,0.0001679949700723695
GO:0071695,anatomical structure maturation,3,11,203,34737,64.73625,3.134479557099498e-05,0.00017259508324325219
GO:0032103,positive regulation of response to external stimulus,4,11,629,34737,31.178057142857142,3.175914851743801e-05,0.00017259508324325219
GO:1904018,positive regulation of vasculature development,3,11,204,34737,64.41231343283582,3.180712040220834e-05,0.00017259508324325219
GO:0042490,mechanoreceptor differentiation,2,11,27,34737,308.4533333333333,3.186046157668836e-05,0.00017259508324325219
GO:2001026,regulation of endothelial cell chemotaxis,2,11,27,34737,308.4533333333333,3.186046157668836e-05,0.00017259508324325219
GO:0038179,neurotrophin signaling pathway,2,11,28,34737,296.5811965811966,3.4305339511880806e-05,0.0001846168928994638
GO:0050679,positive regulation of epithelial cell proliferation,3,11,211,34737,62.23197115384615,3.516967848297064e-05,0.00018803135293509794
GO:0009611,response to wounding,3,11,219,34737,59.91319444444444,3.928972911600938e-05,0.00020827192667913162
GO:0022612,gland morphogenesis,2,11,30,34737,275.3809523809524,3.9464729382965043e-05,0.00020827192667913162
GO:0048545,response to steroid hormone,3,11,222,34737,59.08732876712329,4.0912967513686616e-05,0.0002145308168345875
GO:0010810,regulation of cell-substrate adhesion,3,11,226,34737,58.0207399103139,4.314506843104822e-05,0.00022479405080635316
GO:0021700,developmental maturation,3,11,227,34737,57.760044642857146,4.3715332147642565e-05,0.00022632368162513682
GO:0040008,regulation of growth,4,11,687,34737,28.481907550721605,4.480605497827472e-05,0.00023051165391338815
GO:0035295,tube development,3,11,232,34737,56.49072052401747,4.6641087011828545e-05,0.0002384525573479734
GO:1901700,response to oxygen-containing compound,5,11,1462,34737,19.028254404026537,4.898762872610674e-05,0.0002488936664469274
GO:0060045,positive regulation of cardiac muscle cell proliferation,2,11,34,34737,240.93055555555554,5.086073522237748e-05,0.0002536834232433218
GO:0044344,cellular response to fibroblast growth factor stimulus,2,11,34,34737,240.93055555555554,5.086073522237748e-05,0.0002536834232433218
GO:0030901,midbrain development,2,11,34,34737,240.93055555555554,5.086073522237748e-05,0.0002536834232433218
GO:0042531,positive regulation of tyrosine phosphorylation of STAT protein,2,11,35,34737,233.6228956228956,5.393388607777759e-05,0.0002673813261310428
GO:0072175,epithelial tube formation,2,11,36,34737,226.7450980392157,5.7096603256244874e-05,0.0002813555509855922
GO:0046677,response to antibiotic,2,11,37,34737,220.26031746031745,6.03488400685178e-05,0.0002956009052457938
GO:0043523,regulation of neuron apoptotic process,3,11,261,34737,50.098837209302324,6.617175469125735e-05,0.0003221934246276697
GO:0042509,regulation of tyrosine phosphorylation of STAT protein,2,11,40,34737,202.85380116959064,7.064220165811865e-05,0.0003386128960981742
GO:0055023,positive regulation of cardiac muscle tissue growth,2,11,40,34737,202.85380116959064,7.064220165811865e-05,0.0003386128960981742
GO:0045927,positive regulation of growth,3,11,267,34737,48.95170454545455,7.078582546795573e-05,0.0003386128960981742
GO:0048008,platelet-derived growth factor receptor signaling pathway,2,11,41,34737,197.64672364672364,7.42520504363861e-05,0.00035108772980903946
GO:1990090,cellular response to nerve growth factor stimulus,2,11,41,34737,197.64672364672364,7.42520504363861e-05,0.00035108772980903946
GO:0008285,negative regulation of cell population proliferation,4,11,803,34737,24.263901305202932,8.216641347435238e-05,0.00038627658748287497
GO:0071774,response to fibroblast growth factor,2,11,44,34737,183.51322751322752,8.561712899817238e-05,0.00039567690124579097
GO:0060421,positive regulation of heart growth,2,11,44,34737,183.51322751322752,8.561712899817238e-05,0.00039567690124579097
GO:1990089,response to nerve growth factor,2,11,44,34737,183.51322751322752,8.561712899817238e-05,0.00039567690124579097
GO:0034110,regulation of homotypic cell-cell adhesion,2,11,46,34737,175.16161616161617,9.363965917407741e-05,0.0004303215797999737
GO:2001239,regulation of extrinsic apoptotic signaling pathway in absence of ligand,2,11,47,34737,171.2641975308642,9.778452797084509e-05,0.000446858904358387
GO:0051246,regulation of protein metabolic process,5,11,1705,34737,16.18921568627451,0.00010202292457523962,0.0004636375127919223
GO:0048286,lung alveolus development,2,11,49,34737,163.96690307328606,0.00010634124042399658,0.00048059190423662546
GO:0060043,regulation of cardiac muscle cell proliferation,2,11,50,34737,160.5462962962963,0.00011075299110554625,0.0004977799270567958
GO:0048013,ephrin receptor signaling pathway,2,11,51,34737,157.26530612244898,0.00011525360946738576,0.0005123774594800084
GO:1904707,positive regulation of vascular associated smooth muscle cell proliferation,2,11,51,34737,157.26530612244898,0.00011525360946738576,0.0005123774594800084
GO:0045595,regulation of cell differentiation,5,11,1774,34737,15.525249670246843,0.00012316044906390524,0.0005445689045095918
GO:0008543,fibroblast growth factor receptor signaling pathway,2,11,53,34737,151.08932461873638,0.00012452126345952524,0.0005476257715585572
GO:0060688,regulation of morphogenesis of a branching structure,2,11,54,34737,148.17948717948718,0.0001292882062438853,0.0005655494797192416
GO:0048638,regulation of developmental growth,3,11,329,34737,39.57055214723926,0.00013129787739258824,0.0005712854452507297
GO:0050807,regulation of synapse organization,3,11,330,34737,39.44839449541284,0.0001324794713325179,0.0005733767595238076
GO:0046622,positive regulation of organ growth,2,11,56,34737,142.68312757201647,0.00013908809139508334,0.0005988108355851482
GO:0120036,plasma membrane bounded cell projection organization,4,11,935,34737,20.742673009053245,0.00014796398118979134,0.0006336886733677975
GO:0065008,regulation of biological quality,6,11,3078,34737,12.36484375,0.0001503046966556926,0.0006403606347101904
GO:0001944,vasculature development,2,11,59,34737,135.1617933723197,0.0001544522225785195,0.0006546213371462639
GO:0045597,positive regulation of cell differentiation,4,11,947,34737,20.471443720648388,0.00015541428282555124,0.0006553035224293861
GO:0061564,axon development,2,11,60,34737,132.82758620689654,0.0001597505618741419,0.0006701331262207594
GO:0050731,positive regulation of peptidyl-tyrosine phosphorylation,2,11,61,34737,130.57250470809794,0.00016513730510307753,0.0006856970333721696
GO:0071385,cellular response to glucocorticoid stimulus,2,11,61,34737,130.57250470809794,0.00016513730510307753,0.0006856970333721696
GO:0007498,mesoderm development,2,11,63,34737,126.28415300546447,0.00017617581823195258,0.0007278374712815011
GO:0030182,neuron differentiation,3,11,366,34737,35.49896694214876,0.000179774734949354,0.0007389735336109125
GO:0045787,positive regulation of cell cycle,3,11,369,34737,35.204918032786885,0.00018414823393818097,0.0007531662768071602
GO:0042472,inner ear morphogenesis,2,11,65,34737,122.26807760141094,0.00018756739186788748,0.0007595550819204552
GO:0060485,mesenchyme development,2,11,65,34737,122.26807760141094,0.00018756739186788748,0.0007595550819204552
GO:0045765,regulation of angiogenesis,3,11,383,34737,33.89407894736842,0.00020547528259800017,0.0008279742914540105
GO:0055021,regulation of cardiac muscle tissue growth,2,11,69,34737,114.95522388059702,0.0002114082415562014,0.0008453362711430036
GO:0030855,epithelial cell differentiation,3,11,387,34737,33.537109375,0.000211850776997941,0.0008453362711430036
GO:1901342,regulation of vasculature development,3,11,393,34737,33.01538461538462,0.00022165334702412448,0.0008801574653676399
GO:0051965,positive regulation of synapse assembly,2,11,72,34737,110.01904761904763,0.00023021291383277623,0.0009097302585275893
GO:0050678,regulation of epithelial cell proliferation,3,11,402,34737,32.26221804511278,0.00023690327483994936,0.0009316676866301855
GO:0071384,cellular response to corticosteroid stimulus,2,11,74,34737,106.95679012345678,0.00024318868668144077,0.0009500262427913987
GO:2001233,regulation of apoptotic signaling pathway,3,11,406,34737,31.938275434243177,0.0002438942677092833,0.0009500262427913987
GO:0060420,regulation of heart growth,2,11,75,34737,105.48858447488584,0.0002498082322237518,0.0009684508718437393
GO:0044087,regulation of cellular component biogenesis,4,11,1121,34737,17.193503005499423,0.0002968516887705487,0.0011453994406335323
GO:0001837,epithelial to mesenchymal transition,2,11,82,34737,96.2388888888889,0.00029859839065898055,0.0011467299697607797
GO:0043536,positive regulation of blood vessel endothelial cell migration,2,11,83,34737,95.0480109739369,0.000305918338410696,0.001169351405700698
GO:0050730,regulation of peptidyl-tyrosine phosphorylation,2,11,89,34737,88.47765006385696,0.0003516706298825051,0.00133798407090181
GO:1904705,regulation of vascular associated smooth muscle cell proliferation,2,11,91,34737,86.48439450686642,0.00036761842795426627,0.001392184602160138
GO:0140888,interferon-mediated signaling pathway,2,11,92,34737,85.52098765432099,0.0003757228146581253,0.0014163191815223341
GO:0071383,cellular response to steroid hormone stimulus,2,11,93,34737,84.57875457875458,0.0003839141320816275,0.0014405585323062902
GO:1900182,positive regulation of protein localization to nucleus,2,11,94,34737,83.65700483091787,0.0003921923344504289,0.001464901048312561
GO:0071345,cellular response to cytokine stimulus,3,11,500,34737,25.826710261569417,0.0004487975770077115,0.0016687109908741272
GO:0031214,biomineral tissue development,2,11,101,34737,77.72615039281706,0.00045256868779896615,0.001675118491491196
GO:0048514,blood vessel morphogenesis,2,11,103,34737,76.18261826182618,0.00047059843342143814,0.0017340068402645786
GO:0046620,regulation of organ growth,2,11,104,34737,75.43355119825708,0.00047974297115594116,0.0017563516661664095
GO:0019221,cytokine-mediated signaling pathway,3,11,512,34737,25.208988212180746,0.00048095693547833216,0.0017563516661664095
GO:0007259,cell surface receptor signaling pathway via JAK-STAT,2,11,106,34737,73.97863247863248,0.000498291148474508,0.0018111292359762274
GO:0044089,positive regulation of cellular component biogenesis,3,11,519,34737,24.861918604651162,0.0005003853390349968,0.0018111292359762274
GO:0048762,mesenchymal cell differentiation,2,11,109,34737,71.89823468328142,0.0005267604855616173,0.0018898687596026445
GO:0001938,positive regulation of endothelial cell proliferation,2,11,109,34737,71.89823468328142,0.0005267604855616173,0.0018898687596026445
GO:0090100,positive regulation of transmembrane receptor protein serine/threonine kinase signaling pathway,2,11,113,34737,69.29929929929929,0.0005659255555733046,0.0020215157399954722
GO:0009887,animal organ morphogenesis,3,11,543,34737,23.740277777777777,0.0005708235505583028,0.0020301463667682243
GO:0030183,B cell differentiation,2,11,118,34737,66.30268199233717,0.0006168159407528405,0.002184222681973262
GO:0008283,cell population proliferation,3,11,559,34737,23.04631294964029,0.0006211533420501996,0.0021901010077459626
GO:0097696,cell surface receptor signaling pathway via STAT,2,11,119,34737,65.7340930674264,0.0006272514366006162,0.0022021101937309186
GO:0048705,skeletal system morphogenesis,2,11,122,34737,64.08518518518518,0.0006590719451153067,0.0023039352611295763
GO:0043065,positive regulation of apoptotic process,3,11,577,34737,22.31184668989547,0.0006810902267902206,0.0023707736404868104
GO:0010811,positive regulation of cell-substrate adhesion,2,11,125,34737,62.516711833785,0.0006916625333221435,0.002387257182521154
GO:0060560,developmental growth involved in morphogenesis,2,11,125,34737,62.516711833785,0.0006916625333221435,0.002387257182521154
GO:0045471,response to ethanol,2,11,128,34737,61.022927689594354,0.0007250219785898947,0.0024918822625484617
GO:0045321,leukocyte activation,3,11,597,34737,21.5479797979798,0.0007519095781966473,0.002573481317844592
GO:0001952,regulation of cell-matrix adhesion,2,11,131,34737,59.59862187769164,0.0007591490595662207,0.0025766968079882512
GO:0031099,regeneration,2,11,131,34737,59.59862187769164,0.0007591490595662207,0.0025766968079882512
GO:0035148,tube formation,2,11,132,34737,59.13846153846154,0.0007706951280241507,0.002605076920346096
GO:0048754,branching morphogenesis of an epithelial tube,2,11,135,34737,57.799498746867165,0.0008058438256056511,0.0027126759232321915
GO:0010595,positive regulation of endothelial cell migration,2,11,141,34737,55.29496402877698,0.0008784343762341018,0.0029449152449159645
GO:0050770,regulation of axonogenesis,2,11,142,34737,54.8984126984127,0.0008908295365100423,0.002974279840266182
GO:0007623,circadian rhythm,2,11,143,34737,54.507486209613866,0.0009033093582136933,0.0030036872155235817
GO:0034097,response to cytokine,3,11,638,34737,20.13248031496063,0.0009114814433060055,0.003018590366900051
GO:0001764,neuron migration,2,11,146,34737,53.367283950617285,0.000941256342136502,0.0031042602000452006
GO:0007399,nervous system development,3,11,646,34737,19.877332814930014,0.0009449398408450549,0.0031042602000452006
GO:0046887,positive regulation of hormone secretion,2,11,148,34737,52.63318112633181,0.0009669768142820846,0.0031639481363309806
GO:0009725,response to hormone,3,11,653,34737,19.65923076923077,0.0009748522668933036,0.003164401406026676
GO:1901652,response to peptide,3,11,653,34737,19.65923076923077,0.0009748522668933036,0.003164401406026676
GO:1900180,regulation of protein localization to nucleus,2,11,150,34737,51.91891891891892,0.0009930348534974993,0.0032106818583436934
GO:2001235,positive regulation of apoptotic signaling pathway,2,11,152,34737,51.223703703703706,0.0010194301007327947,0.0032830465448796305
GO:0007409,axonogenesis,2,11,161,34737,48.31167016072676,0.0011423720481204913,0.0036645503347551445
GO:0001775,cell activation,3,11,695,34737,18.44328034682081,0.0011670771825925315,0.003725928037783555
GO:0048568,embryonic organ development,2,11,163,34737,47.7087646652864,0.0011706155326532683,0.003725928037783555
GO:2001236,regulation of extrinsic apoptotic signaling pathway,2,11,167,34737,46.546801346801345,0.001228106785463127,0.0038937649244528594
GO:0043535,regulation of blood vessel endothelial cell migration,2,11,168,34737,46.265060240963855,0.0012426885640765245,0.003924784731330491
GO:0007154,cell communication,3,11,754,34737,16.96488015978695,0.0014755152089144363,0.004642197849584649
GO:0001936,regulation of endothelial cell proliferation,2,11,190,34737,40.825059101654844,0.0015845336174294903,0.004966086203284763
GO:0000165,MAPK cascade,2,11,192,34737,40.39298245614035,0.0016175980099924177,0.005031160350470714
GO:0042113,B cell activation,2,11,192,34737,40.39298245614035,0.0016175980099924177,0.005031160350470714
GO:0007423,sensory organ development,2,11,194,34737,39.969907407407405,0.0016509921282792533,0.00511557409444102
GO:0035556,intracellular signal transduction,4,11,1806,34737,10.440462977643888,0.0017893255854859378,0.005523276712933951
GO:1901654,response to ketone,2,11,220,34737,35.17635066258919,0.0021149601746299246,0.0065039000858920235
GO:0012501,programmed cell death,3,11,877,34737,14.524599542334096,0.0022738343284956675,0.006966278953968
GO:0007411,axon guidance,2,11,229,34737,33.77288301517376,0.002288392611634846,0.006984720732527253
GO:0008219,cell death,3,11,882,34737,14.439846416382252,0.0023109758913683054,0.007027428546986148
GO:0097485,neuron projection guidance,2,11,231,34737,33.47598253275109,0.0023278231425319517,0.007052441965152357
GO:0010557,positive regulation of macromolecule biosynthetic process,5,11,3364,34737,7.781829909695346,0.002378420826412489,0.007179144782307807
GO:0051050,positive regulation of transport,3,11,906,34737,14.04609634551495,0.0024945651496986955,0.007502037839902695
GO:0055074,calcium ion homeostasis,2,11,242,34737,31.93148148148148,0.002550453123416241,0.00764201705111533
GO:0001701,in utero embryonic development,2,11,251,34737,30.76929941990183,0.00273982916109117,0.00817948997727218
GO:0010594,regulation of endothelial cell migration,2,11,252,34737,30.645333333333333,0.0027612707700982522,0.008213525417964983
GO:0009891,positive regulation of biosynthetic process,5,11,3497,34737,7.453703703703703,0.0028288258086450347,0.008383983737216081
GO:0043009,chordate embryonic development,2,11,258,34737,29.921875,0.0028915948473405366,0.00851625183310577
GO:0003008,system process,4,11,2058,34737,9.089442203366254,0.0028942762953586853,0.00851625183310577
GO:0006950,response to stress,5,11,3519,34737,7.401821286283438,0.002909059656582278,0.00852907096445987
GO:0043066,negative regulation of apoptotic process,3,11,958,34737,13.26086387434555,0.0029230958941926185,0.008539615862319863
GO:0046883,regulation of hormone secretion,2,11,264,34737,29.231552162849873,0.0030247826215479556,0.008805239090484796
GO:0048511,rhythmic process,2,11,266,34737,29.00841750841751,0.0030698133118560985,0.008904635776944286
GO:0030098,lymphocyte differentiation,2,11,268,34737,28.788638262322472,0.0031151608102150227,0.009004245734119747
GO:0032879,regulation of localization,4,11,2108,34737,8.859858772406302,0.00315968226714107,0.00910077498070914
GO:0007155,cell adhesion,3,11,989,34737,12.832150101419879,0.0031990945696915374,0.00918196265967606
GO:0048812,neuron projection morphogenesis,2,11,273,34737,28.253382533825338,0.0032299133313057706,0.009238003863664756
GO:0051962,positive regulation of nervous system development,2,11,276,34737,27.94160583941606,0.003299711998273708,0.009404754057797537
GO:0097305,response to alcohol,2,11,277,34737,27.83919191919192,0.003323135821883192,0.009410310876890994
GO:0009792,embryo development ending in birth or egg hatching,2,11,278,34737,27.737520128824478,0.0033466383745977667,0.009410310876890994
GO:0009790,embryo development,2,11,278,34737,27.737520128824478,0.0033466383745977667,0.009410310876890994
GO:0043069,negative regulation of programmed cell death,3,11,1005,34737,12.62125748502994,0.003347677830287627,0.009410310876890994
GO:0120039,plasma membrane bounded cell projection morphogenesis,2,11,279,34737,27.636582430806257,0.0033702196135171553,0.009441231657044634
GO:0007275,multicellular organism development,2,11,280,34737,27.53637090327738,0.0033938794957562354,0.00947506289258908
GO:0048732,gland development,2,11,287,34737,26.85458089668616,0.0035616970852094137,0.009876163443055254
GO:0048858,cell projection morphogenesis,2,11,287,34737,26.85458089668616,0.0035616970852094137,0.009876163443055254
GO:0090068,positive regulation of cell cycle process,2,11,298,34737,25.84834834834835,0.003833156585224956,0.01059298002268248
GO:1903532,positive regulation of secretion by cell,2,11,302,34737,25.500740740740742,0.0039342070567313404,0.010835627516519316
GO:0051054,positive regulation of DNA metabolic process,2,11,322,34737,23.893055555555556,0.004458043747922189,0.012196253464215219
GO:0032496,response to lipopolysaccharide,2,11,322,34737,23.893055555555556,0.004458043747922189,0.012196253464215219
GO:0051047,positive regulation of secretion,2,11,324,34737,23.74327122153209,0.004512122899044237,0.012303055104727286
GO:0090092,regulation of transmembrane receptor protein serine/threonine kinase signaling pathway,2,11,338,34737,22.744708994708994,0.004899251734031117,0.013314245576204163
GO:0002376,immune system process,4,11,2409,34737,7.67947727947728,0.005125787056815349,0.013841682836995255
GO:0002237,response to molecule of bacterial origin,2,11,346,34737,22.210594315245476,0.005127175916393108,0.013841682836995255
GO:0022409,positive regulation of cell-cell adhesion,2,11,357,34737,21.515492957746478,0.005448488853630609,0.014660736454834995
GO:0032870,cellular response to hormone stimulus,2,11,361,34737,21.273290003095017,0.005567593182970634,0.014932102372688454
GO:1903131,mononuclear cell differentiation,2,11,363,34737,21.154201292705448,0.005627596581659763,0.01504370589476368
GO:0048589,developmental growth,2,11,384,34737,19.979057591623036,0.006275704080247748,0.016559283673734115
GO:0040007,growth,2,11,384,34737,19.979057591623036,0.006275704080247748,0.016559283673734115
GO:0150105,protein localization to cell-cell junction,1,11,20,34737,182.66842105263157,0.006316010398783672,0.016559283673734115
GO:0048265,response to pain,1,11,20,34737,182.66842105263157,0.006316010398783672,0.016559283673734115
GO:0048266,behavioral response to pain,1,11,20,34737,182.66842105263157,0.006316010398783672,0.016559283673734115
GO:0099150,regulation of postsynaptic specialization assembly,1,11,20,34737,182.66842105263157,0.006316010398783672,0.016559283673734115
GO:0050965,detection of temperature stimulus involved in sensory perception of pain,1,11,21,34737,173.53,0.006630856839594037,0.016844847499341373
GO:0045346,regulation of MHC class II biosynthetic process,1,11,21,34737,173.53,0.006630856839594037,0.016844847499341373
GO:1904889,regulation of excitatory synapse assembly,1,11,21,34737,173.53,0.006630856839594037,0.016844847499341373
GO:0002363,alpha-beta T cell lineage commitment,1,11,21,34737,173.53,0.006630856839594037,0.016844847499341373
GO:0032292,peripheral nervous system axon ensheathment,1,11,21,34737,173.53,0.006630856839594037,0.016844847499341373
GO:0022011,myelination in peripheral nervous system,1,11,21,34737,173.53,0.006630856839594037,0.016844847499341373
GO:1905874,regulation of postsynaptic density organization,1,11,21,34737,173.53,0.006630856839594037,0.016844847499341373
GO:0008631,intrinsic apoptotic signaling pathway in response to oxidative stress,1,11,21,34737,173.53,0.006630856839594037,0.016844847499341373
GO:0021884,forebrain neuron development,1,11,21,34737,173.53,0.006630856839594037,0.016844847499341373
GO:0048699,generation of neurons,1,11,21,34737,173.53,0.006630856839594037,0.016844847499341373
GO:0051726,regulation of cell cycle,3,11,1294,34737,9.711948102246321,0.006797977459374725,0.017215930531791098
GO:0033043,regulation of organelle organization,3,11,1303,34737,9.642115384615385,0.006929983577549847,0.0172690306908594
GO:0051900,regulation of mitochondrial depolarization,1,11,22,34737,165.26190476190476,0.006945612588377435,0.0172690306908594
GO:0034505,tooth mineralization,1,11,22,34737,165.26190476190476,0.006945612588377435,0.0172690306908594
GO:0090141,positive regulation of mitochondrial fission,1,11,22,34737,165.26190476190476,0.006945612588377435,0.0172690306908594
GO:0097106,postsynaptic density organization,1,11,22,34737,165.26190476190476,0.006945612588377435,0.0172690306908594
GO:0042474,middle ear morphogenesis,1,11,22,34737,165.26190476190476,0.006945612588377435,0.0172690306908594
GO:0002521,leukocyte differentiation,2,11,411,34737,18.64547677261614,0.007157029147462753,0.01767531884807302
GO:0043369,"CD4-positive or CD8-positive, alpha-beta T cell lineage commitment",1,11,23,34737,157.74545454545455,0.0072602776686461305,0.01767531884807302
GO:0031103,axon regeneration,1,11,23,34737,157.74545454545455,0.0072602776686461305,0.01767531884807302
GO:0033630,positive regulation of cell adhesion mediated by integrin,1,11,23,34737,157.74545454545455,0.0072602776686461305,0.01767531884807302
GO:0001759,organ induction,1,11,23,34737,157.74545454545455,0.0072602776686461305,0.01767531884807302
GO:0035162,embryonic hemopoiesis,1,11,23,34737,157.74545454545455,0.0072602776686461305,0.01767531884807302
GO:0060740,prostate gland epithelium morphogenesis,1,11,23,34737,157.74545454545455,0.0072602776686461305,0.01767531884807302
GO:0051241,negative regulation of multicellular organismal process,3,11,1329,34737,9.445701357466064,0.007320058292517688,0.01776797532130406
GO:1902074,response to salt,1,11,24,34737,150.88260869565218,0.007574852103906974,0.018117628716362296
GO:0016331,morphogenesis of embryonic epithelium,1,11,24,34737,150.88260869565218,0.007574852103906974,0.018117628716362296
GO:0042659,regulation of cell fate specification,1,11,24,34737,150.88260869565218,0.007574852103906974,0.018117628716362296
GO:1905564,positive regulation of vascular endothelial cell proliferation,1,11,24,34737,150.88260869565218,0.007574852103906974,0.018117628716362296
GO:0007158,neuron cell-cell adhesion,1,11,24,34737,150.88260869565218,0.007574852103906974,0.018117628716362296
GO:0001818,negative regulation of cytokine production,2,11,425,34737,18.021013921723142,0.007635047259092535,0.01820836343422068
GO:0050961,detection of temperature stimulus involved in sensory perception,1,11,25,34737,144.59166666666667,0.007889335917661387,0.0185979157943718
GO:0048015,phosphatidylinositol-mediated signaling,1,11,25,34737,144.59166666666667,0.007889335917661387,0.0185979157943718
GO:0071549,cellular response to dexamethasone stimulus,1,11,25,34737,144.59166666666667,0.007889335917661387,0.0185979157943718
GO:0051894,positive regulation of focal adhesion assembly,1,11,25,34737,144.59166666666667,0.007889335917661387,0.0185979157943718
GO:0048598,embryonic morphogenesis,2,11,439,34737,17.436562420544114,0.008127283738213824,0.0191037876375256
GO:0035909,aorta morphogenesis,1,11,26,34737,138.804,0.008203729133405394,0.01922822473101895
GO:0051960,regulation of nervous system development,2,11,445,34737,17.197391522447955,0.00834256715707022,0.01949777124138126
GO:0036120,cellular response to platelet-derived growth factor stimulus,1,11,27,34737,133.46153846153845,0.00851803177462957,0.019835567993448697
GO:0050877,nervous system process,3,11,1405,34737,8.913338088445078,0.008535598940946139,0.019835567993448697
GO:1903829,positive regulation of protein localization,2,11,451,34737,16.964612719623855,0.008560432898906846,0.019836923828061757
GO:0051301,cell division,2,11,454,34737,16.85054080629302,0.00867033141477472,0.02001322848039345
GO:0033688,regulation of osteoblast proliferation,1,11,28,34737,128.51481481481483,0.008832243864819116,0.02001322848039345
GO:0097421,liver regeneration,1,11,28,34737,128.51481481481483,0.008832243864819116,0.02001322848039345
GO:0099084,postsynaptic specialization organization,1,11,28,34737,128.51481481481483,0.008832243864819116,0.02001322848039345
GO:0001838,embryonic epithelial tube formation,1,11,28,34737,128.51481481481483,0.008832243864819116,0.02001322848039345
GO:0010715,regulation of extracellular matrix disassembly,1,11,28,34737,128.51481481481483,0.008832243864819116,0.02001322848039345
GO:0003148,outflow tract septum morphogenesis,1,11,28,34737,128.51481481481483,0.008832243864819116,0.02001322848039345
GO:0016048,detection of temperature stimulus,1,11,28,34737,128.51481481481483,0.008832243864819116,0.02001322848039345
GO:0045686,negative regulation of glial cell differentiation,1,11,29,34737,123.92142857142858,0.009146365427453791,0.020441876829664484
GO:0003156,regulation of animal organ formation,1,11,29,34737,123.92142857142858,0.009146365427453791,0.020441876829664484
GO:0036119,response to platelet-derived growth factor,1,11,29,34737,123.92142857142858,0.009146365427453791,0.020441876829664484
GO:0002360,T cell lineage commitment,1,11,29,34737,123.92142857142858,0.009146365427453791,0.020441876829664484
GO:0031102,neuron projection regeneration,1,11,29,34737,123.92142857142858,0.009146365427453791,0.020441876829664484
GO:0045446,endothelial cell differentiation,1,11,30,34737,119.6448275862069,0.00946039648600796,0.020971827440527134
GO:0046579,positive regulation of Ras protein signal transduction,1,11,30,34737,119.6448275862069,0.00946039648600796,0.020971827440527134
GO:0048679,regulation of axon regeneration,1,11,30,34737,119.6448275862069,0.00946039648600796,0.020971827440527134
GO:0001558,regulation of cell growth,2,11,479,34737,15.95574190542744,0.00961102798790094,0.02124816457865667
GO:0046649,lymphocyte activation,2,11,483,34737,15.82120582120582,0.009765636870564403,0.021321087248830823
GO:0019219,regulation of nucleobase-containing compound metabolic process,5,11,4644,34737,5.404720845009701,0.00976881127947279,0.021321087248830823
GO:0048701,embryonic cranial skeleton morphogenesis,1,11,31,34737,115.65333333333334,0.00977433706395056,0.021321087248830823
GO:0031128,developmental induction,1,11,31,34737,115.65333333333334,0.00977433706395056,0.021321087248830823
GO:0090140,regulation of mitochondrial fission,1,11,31,34737,115.65333333333334,0.00977433706395056,0.021321087248830823
GO:0048665,neuron fate specification,1,11,32,34737,111.91935483870968,0.010088187184745138,0.021716150308214534
GO:0070570,regulation of neuron projection regeneration,1,11,32,34737,111.91935483870968,0.010088187184745138,0.021716150308214534
GO:1905606,regulation of presynapse assembly,1,11,32,34737,111.91935483870968,0.010088187184745138,0.021716150308214534
GO:0150117,positive regulation of cell-substrate junction organization,1,11,32,34737,111.91935483870968,0.010088187184745138,0.021716150308214534
GO:0048710,regulation of astrocyte differentiation,1,11,32,34737,111.91935483870968,0.010088187184745138,0.021716150308214534
GO:0098771,inorganic ion homeostasis,2,11,494,34737,15.462511291779585,0.010196595592836208,0.02181741677223884
GO:0021545,cranial nerve development,1,11,33,34737,108.41875,0.010401946871849813,0.02181741677223884
GO:0099174,regulation of presynapse organization,1,11,33,34737,108.41875,0.010401946871849813,0.02181741677223884
GO:0048010,vascular endothelial growth factor receptor signaling pathway,1,11,33,34737,108.41875,0.010401946871849813,0.02181741677223884
GO:0043500,muscle adaptation,1,11,33,34737,108.41875,0.010401946871849813,0.02181741677223884
GO:1903672,positive regulation of sprouting angiogenesis,1,11,33,34737,108.41875,0.010401946871849813,0.02181741677223884
GO:0090280,positive regulation of calcium ion import,1,11,33,34737,108.41875,0.010401946871849813,0.02181741677223884
GO:0030239,myofibril assembly,1,11,33,34737,108.41875,0.010401946871849813,0.02181741677223884
GO:0042551,neuron maturation,1,11,33,34737,108.41875,0.010401946871849813,0.02181741677223884
GO:0031069,hair follicle morphogenesis,1,11,33,34737,108.41875,0.010401946871849813,0.02181741677223884
GO:0044319,"wound healing, spreading of cells",1,11,34,34737,105.13030303030303,0.01071561614871731,0.022215309654205168
GO:0001569,branching involved in blood vessel morphogenesis,1,11,34,34737,105.13030303030303,0.01071561614871731,0.022215309654205168
GO:0030041,actin filament polymerization,1,11,34,34737,105.13030303030303,0.01071561614871731,0.022215309654205168
GO:0090183,regulation of kidney development,1,11,34,34737,105.13030303030303,0.01071561614871731,0.022215309654205168
GO:0042592,homeostatic process,3,11,1527,34737,8.16978346456693,0.01072744170343648,0.022215309654205168
GO:0010638,positive regulation of organelle organization,2,11,514,34737,14.84982638888889,0.011001748115264769,0.022554703854335667
GO:0010667,negative regulation of cardiac muscle cell apoptotic process,1,11,35,34737,102.03529411764706,0.011029195038794947,0.022554703854335667
GO:0035924,cellular response to vascular endothelial growth factor stimulus,1,11,35,34737,102.03529411764706,0.011029195038794947,0.022554703854335667
GO:0090102,cochlea development,1,11,35,34737,102.03529411764706,0.011029195038794947,0.022554703854335667
GO:0110110,positive regulation of animal organ morphogenesis,1,11,35,34737,102.03529411764706,0.011029195038794947,0.022554703854335667
GO:0090330,regulation of platelet aggregation,1,11,37,34737,96.36111111111111,0.01165608175234285,0.023718096700040926
GO:0051602,response to electrical stimulus,1,11,37,34737,96.36111111111111,0.01165608175234285,0.023718096700040926
GO:0022414,reproductive process,3,11,1583,34737,7.866930379746836,0.011835298911225494,0.0240230136709242
GO:0071548,response to dexamethasone,1,11,38,34737,93.75405405405405,0.011969389622680723,0.024056414524208432
GO:0010664,negative regulation of striated muscle cell apoptotic process,1,11,38,34737,93.75405405405405,0.011969389622680723,0.024056414524208432
GO:0042307,positive regulation of protein import into nucleus,1,11,38,34737,93.75405405405405,0.011969389622680723,0.024056414524208432
GO:0051968,"positive regulation of synaptic transmission, glutamatergic",1,11,38,34737,93.75405405405405,0.011969389622680723,0.024056414524208432
GO:0050974,detection of mechanical stimulus involved in sensory perception,1,11,39,34737,91.28421052631579,0.012282607199963947,0.024268533066595436
GO:1901532,regulation of hematopoietic progenitor cell differentiation,1,11,39,34737,91.28421052631579,0.012282607199963947,0.024268533066595436
GO:0090050,positive regulation of cell migration involved in sprouting angiogenesis,1,11,39,34737,91.28421052631579,0.012282607199963947,0.024268533066595436
GO:0045773,positive regulation of axon extension,1,11,39,34737,91.28421052631579,0.012282607199963947,0.024268533066595436
GO:0060349,bone morphogenesis,1,11,39,34737,91.28421052631579,0.012282607199963947,0.024268533066595436
GO:2000352,negative regulation of endothelial cell apoptotic process,1,11,39,34737,91.28421052631579,0.012282607199963947,0.024268533066595436
GO:0031663,lipopolysaccharide-mediated signaling pathway,1,11,39,34737,91.28421052631579,0.012282607199963947,0.024268533066595436
GO:0001774,microglial cell activation,1,11,40,34737,88.94102564102565,0.012595734507612807,0.024649068964658558
GO:1904035,regulation of epithelial cell apoptotic process,1,11,40,34737,88.94102564102565,0.012595734507612807,0.024649068964658558
GO:0007595,lactation,1,11,40,34737,88.94102564102565,0.012595734507612807,0.024649068964658558
GO:0002269,leukocyte activation involved in inflammatory response,1,11,40,34737,88.94102564102565,0.012595734507612807,0.024649068964658558
GO:0097435,supramolecular fiber organization,2,11,553,34737,13.783020770316597,0.012650867095370165,0.024697874186188053
GO:0022407,regulation of cell-cell adhesion,2,11,556,34737,13.707180104292018,0.012782001206764202,0.02489446901698361
GO:0042391,regulation of membrane potential,2,11,558,34737,13.657074340527577,0.012869760676164936,0.024904186659142784
GO:0051385,response to mineralocorticoid,1,11,41,34737,86.715,0.012908771569042224,0.024904186659142784
GO:0033619,membrane protein proteolysis,1,11,41,34737,86.715,0.012908771569042224,0.024904186659142784
GO:0001656,metanephros development,1,11,41,34737,86.715,0.012908771569042224,0.024904186659142784
GO:0060391,positive regulation of SMAD protein signal transduction,1,11,42,34737,84.59756097560975,0.013221718407661676,0.025388182294524064
GO:0030513,positive regulation of BMP signaling pathway,1,11,42,34737,84.59756097560975,0.013221718407661676,0.025388182294524064
GO:0055080,monoatomic cation homeostasis,2,11,568,34737,13.411857086768748,0.013312587124839077,0.02550280156468001
GO:0051052,regulation of DNA metabolic process,2,11,572,34737,13.316179337231969,0.0134915921675672,0.025743466716470098
GO:0045429,positive regulation of nitric oxide biosynthetic process,1,11,43,34737,82.58095238095238,0.013534575046875275,0.025743466716470098
GO:0048871,multicellular organismal-level homeostasis,2,11,573,34737,13.292469352014011,0.013536510307616182,0.025743466716470098
GO:0010817,regulation of hormone levels,2,11,574,34737,13.268842268842269,0.013581495122175944,0.025743466716470098
GO:0050801,monoatomic ion homeostasis,2,11,579,34737,13.151935297515887,0.0138074179623511,0.025743466716470098
GO:0097028,dendritic cell differentiation,1,11,44,34737,80.65813953488372,0.013847341510081716,0.025743466716470098
GO:0021954,central nervous system neuron development,1,11,44,34737,80.65813953488372,0.013847341510081716,0.025743466716470098
GO:0045740,positive regulation of DNA replication,1,11,44,34737,80.65813953488372,0.013847341510081716,0.025743466716470098
GO:0007566,embryo implantation,1,11,44,34737,80.65813953488372,0.013847341510081716,0.025743466716470098
GO:0014014,negative regulation of gliogenesis,1,11,44,34737,80.65813953488372,0.013847341510081716,0.025743466716470098
GO:2000573,positive regulation of DNA biosynthetic process,1,11,44,34737,80.65813953488372,0.013847341510081716,0.025743466716470098
GO:0014911,positive regulation of smooth muscle cell migration,1,11,44,34737,80.65813953488372,0.013847341510081716,0.025743466716470098
GO:0035265,organ growth,1,11,44,34737,80.65813953488372,0.013847341510081716,0.025743466716470098
GO:0050804,modulation of chemical synaptic transmission,2,11,583,34737,13.059858481545229,0.01398935244286985,0.02594850407770417
GO:0099177,regulation of trans-synaptic signaling,2,11,584,34737,13.037037037037036,0.014035001882194885,0.025974279501437592
GO:1903530,regulation of secretion by cell,2,11,585,34737,13.01429388221841,0.01408071757226898,0.026000060889652427
GO:0044060,regulation of endocrine process,1,11,45,34737,78.82272727272728,0.014160017820674308,0.026087600399350416
GO:0051150,regulation of smooth muscle cell differentiation,1,11,46,34737,77.06888888888889,0.014472604002040989,0.026425424271583772
GO:0061900,glial cell activation,1,11,46,34737,77.06888888888889,0.014472604002040989,0.026425424271583772
GO:0010837,regulation of keratinocyte proliferation,1,11,46,34737,77.06888888888889,0.014472604002040989,0.026425424271583772
GO:0071526,semaphorin-plexin signaling pathway,1,11,46,34737,77.06888888888889,0.014472604002040989,0.026425424271583772
GO:0035094,response to nicotine,1,11,47,34737,75.3913043478261,0.014785100077564254,0.026816434287023416
GO:0045840,positive regulation of mitotic nuclear division,1,11,47,34737,75.3913043478261,0.014785100077564254,0.026816434287023416
GO:0001541,ovarian follicle development,1,11,47,34737,75.3913043478261,0.014785100077564254,0.026816434287023416
GO:0031100,animal organ regeneration,1,11,49,34737,72.24583333333334,0.015409822004583676,0.027703811867581203
GO:0033628,regulation of cell adhesion mediated by integrin,1,11,49,34737,72.24583333333334,0.015409822004583676,0.027703811867581203
GO:1900016,negative regulation of cytokine production involved in inflammatory response,1,11,49,34737,72.24583333333334,0.015409822004583676,0.027703811867581203
GO:0055010,ventricular cardiac muscle tissue morphogenesis,1,11,49,34737,72.24583333333334,0.015409822004583676,0.027703811867581203
GO:0051049,regulation of transport,3,11,1748,34737,7.087607449856733,0.015482287088856364,0.027713204052968548
GO:0007346,regulation of mitotic cell cycle,2,11,615,34737,12.366503534529636,0.015482804709299056,0.027713204052968548
GO:0033554,cellular response to stress,3,11,1752,34737,7.070540308747856,0.015577904801056154,0.027822546129397236
GO:0010453,regulation of cell fate commitment,1,11,50,34737,70.76938775510204,0.015722047902817924,0.02801881303813739
GO:0021675,nerve development,1,11,51,34737,69.352,0.016034183788684944,0.028512961606835398
GO:0002065,columnar/cuboidal epithelial cell differentiation,1,11,52,34737,67.99019607843137,0.01634622968554027,0.02881727560942229
GO:1904646,cellular response to amyloid-beta,1,11,52,34737,67.99019607843137,0.01634622968554027,0.02881727560942229
GO:0032147,activation of protein kinase activity,1,11,52,34737,67.99019607843137,0.01634622968554027,0.02881727560942229
GO:1905562,regulation of vascular endothelial cell proliferation,1,11,52,34737,67.99019607843137,0.01634622968554027,0.02881727560942229
GO:0009605,response to external stimulus,3,11,1795,34737,6.891880580357143,0.016627611614307973,0.029241192777872384
GO:0010665,regulation of cardiac muscle cell apoptotic process,1,11,53,34737,66.68076923076923,0.016658185616734145,0.029241192777872384
GO:0051046,regulation of secretion,2,11,640,34737,11.873214907697667,0.01669598740259952,0.029244791638814573
GO:0010628,positive regulation of gene expression,3,11,1816,34737,6.807708218422504,0.017154819150425257,0.029984277916768935
GO:0010662,regulation of striated muscle cell apoptotic process,1,11,56,34737,63.03818181818182,0.01759351384976788,0.03055518965840791
GO:0030282,bone mineralization,1,11,56,34737,63.03818181818182,0.01759351384976788,0.03055518965840791
GO:0003254,regulation of membrane depolarization,1,11,56,34737,63.03818181818182,0.01759351384976788,0.03055518965840791
GO:0002062,chondrocyte differentiation,1,11,57,34737,61.910714285714285,0.017905110151709938,0.03096486279936306
GO:0001755,neural crest cell migration,1,11,57,34737,61.910714285714285,0.017905110151709938,0.03096486279936306
GO:0001954,positive regulation of cell-matrix adhesion,1,11,58,34737,60.82280701754386,0.01821661660466066,0.031239397028537563
GO:0090329,regulation of DNA-templated DNA replication,1,11,58,34737,60.82280701754386,0.01821661660466066,0.031239397028537563
GO:0050982,detection of mechanical stimulus,1,11,58,34737,60.82280701754386,0.01821661660466066,0.031239397028537563
GO:0048592,eye morphogenesis,1,11,58,34737,60.82280701754386,0.01821661660466066,0.031239397028537563
GO:0090497,mesenchymal cell migration,1,11,59,34737,59.772413793103446,0.018528033231937933,0.03155443294821529
GO:2001238,positive regulation of extrinsic apoptotic signaling pathway,1,11,59,34737,59.772413793103446,0.018528033231937933,0.03155443294821529
GO:0008154,actin polymerization or depolymerization,1,11,59,34737,59.772413793103446,0.018528033231937933,0.03155443294821529
GO:0045893,positive regulation of DNA-templated transcription,3,11,1870,34737,6.599959828602035,0.01855462377517305,0.03155443294821529
GO:1902680,positive regulation of RNA biosynthetic process,3,11,1872,34737,6.592495987158909,0.018607692983406234,0.031579030830759955
GO:0046824,positive regulation of nucleocytoplasmic transport,1,11,60,34737,58.757627118644066,0.01883936005685428,0.03184007546798926
GO:0010656,negative regulation of muscle cell apoptotic process,1,11,60,34737,58.757627118644066,0.01883936005685428,0.03184007546798926
GO:0048565,digestive tract development,1,11,61,34737,57.776666666666664,0.019150597102716795,0.03210079596316053
GO:0046578,regulation of Ras protein signal transduction,1,11,61,34737,57.776666666666664,0.019150597102716795,0.03210079596316053
GO:0042306,regulation of protein import into nucleus,1,11,61,34737,57.776666666666664,0.019150597102716795,0.03210079596316053
GO:0055008,cardiac muscle tissue morphogenesis,1,11,61,34737,57.776666666666664,0.019150597102716795,0.03210079596316053
GO:0007267,cell-cell signaling,2,11,690,34737,10.994186046511627,0.019241992075320315,0.03218803582333746
GO:0090279,regulation of calcium ion import,1,11,62,34737,56.82786885245902,0.01946174439282724,0.03242302833672644
GO:0072676,lymphocyte migration,1,11,62,34737,56.82786885245902,0.01946174439282724,0.03242302833672644
GO:0010543,regulation of platelet activation,1,11,63,34737,55.909677419354836,0.019772801950482016,0.032807610538527966
GO:0051785,positive regulation of nuclear division,1,11,63,34737,55.909677419354836,0.019772801950482016,0.032807610538527966
GO:1904645,response to amyloid-beta,1,11,64,34737,55.02063492063492,0.02008376979897208,0.03318893675870538
GO:0009880,embryonic pattern specification,1,11,64,34737,55.02063492063492,0.02008376979897208,0.03318893675870538
GO:0048844,artery morphogenesis,1,11,65,34737,54.159375,0.020394647961583082,0.03356704634320917
GO:0071560,cellular response to transforming growth factor beta stimulus,1,11,65,34737,54.159375,0.020394647961583082,0.03356704634320917
GO:0023052,signaling,2,11,722,34737,10.49567901234568,0.020953404811014608,0.03431376984756075
GO:0090109,regulation of cell-substrate junction assembly,1,11,67,34737,52.515151515151516,0.021016135322283542,0.03431376984756075
GO:0045428,regulation of nitric oxide biosynthetic process,1,11,67,34737,52.515151515151516,0.021016135322283542,0.03431376984756075
GO:0051893,regulation of focal adhesion assembly,1,11,67,34737,52.515151515151516,0.021016135322283542,0.03431376984756075
GO:0090596,sensory organ morphogenesis,1,11,68,34737,51.72985074626866,0.021326744566917355,0.0347515479197976
GO:2000351,regulation of endothelial cell apoptotic process,1,11,69,34737,50.96764705882353,0.0216372642187609,0.03518743962414794
GO:0060337,type I interferon-mediated signaling pathway,1,11,70,34737,50.22753623188406,0.021947694301072924,0.03541067837924586
GO:0001570,vasculogenesis,1,11,70,34737,50.22753623188406,0.021947694301072924,0.03541067837924586
GO:0030218,erythrocyte differentiation,1,11,70,34737,50.22753623188406,0.021947694301072924,0.03541067837924586
GO:1905330,regulation of morphogenesis of an epithelium,1,11,70,34737,50.22753623188406,0.021947694301072924,0.03541067837924586
GO:0032731,positive regulation of interleukin-1 beta production,1,11,71,34737,49.50857142857143,0.02225803483710687,0.03584069389124689
GO:0033209,tumor necrosis factor-mediated signaling pathway,1,11,72,34737,48.809859154929576,0.022568285850110725,0.03612692333735924
GO:0050850,positive regulation of calcium-mediated signaling,1,11,72,34737,48.809859154929576,0.022568285850110725,0.03612692333735924
GO:0080164,regulation of nitric oxide metabolic process,1,11,72,34737,48.809859154929576,0.022568285850110725,0.03612692333735924
GO:0007589,body fluid secretion,1,11,73,34737,48.13055555555555,0.02287844736332719,0.03655189442031571
GO:0060411,cardiac septum morphogenesis,1,11,74,34737,47.46986301369863,0.023188519399993574,0.03675291514794188
GO:0051881,regulation of mitochondrial membrane potential,1,11,74,34737,47.46986301369863,0.023188519399993574,0.03675291514794188
GO:2000379,positive regulation of reactive oxygen species metabolic process,1,11,74,34737,47.46986301369863,0.023188519399993574,0.03675291514794188
GO:1903670,regulation of sprouting angiogenesis,1,11,75,34737,46.82702702702703,0.023498501983341812,0.03675291514794188
GO:0042116,macrophage activation,1,11,75,34737,46.82702702702703,0.023498501983341812,0.03675291514794188
GO:0045685,regulation of glial cell differentiation,1,11,75,34737,46.82702702702703,0.023498501983341812,0.03675291514794188
GO:0150116,regulation of cell-substrate junction organization,1,11,75,34737,46.82702702702703,0.023498501983341812,0.03675291514794188
GO:0051258,protein polymerization,1,11,75,34737,46.82702702702703,0.023498501983341812,0.03675291514794188
GO:0071559,response to transforming growth factor beta,1,11,75,34737,46.82702702702703,0.023498501983341812,0.03675291514794188
GO:0043401,steroid hormone receptor signaling pathway,1,11,75,34737,46.82702702702703,0.023498501983341812,0.03675291514794188
GO:0030518,nuclear receptor-mediated steroid hormone signaling pathway,1,11,75,34737,46.82702702702703,0.023498501983341812,0.03675291514794188
GO:0070925,organelle assembly,2,11,769,34737,9.838910618571635,0.023580093948074473,0.036810146659398704
GO:1990138,neuron projection extension,1,11,76,34737,46.20133333333333,0.023808395136598496,0.03702522285501439
GO:0033555,multicellular organismal response to stress,1,11,76,34737,46.20133333333333,0.023808395136598496,0.03702522285501439
GO:0060415,muscle tissue morphogenesis,1,11,77,34737,45.5921052631579,0.02411819888298486,0.03736493690583639
GO:0050772,positive regulation of axonogenesis,1,11,77,34737,45.5921052631579,0.02411819888298486,0.03736493690583639
GO:0007565,female pregnancy,1,11,78,34737,44.9987012987013,0.02442791324571675,0.0377732193478191
GO:0008361,regulation of cell size,1,11,79,34737,44.42051282051282,0.02473753824800465,0.03817982318276944
GO:0051254,positive regulation of RNA metabolic process,3,11,2100,34737,5.8349427753934195,0.0252370144266928,0.03887735932398251
GO:0046651,lymphocyte proliferation,1,11,81,34737,43.3075,0.025356520264063855,0.038914884757981674
GO:0009791,post-embryonic development,1,11,81,34737,43.3075,0.025356520264063855,0.038914884757981674
GO:0030516,regulation of axon extension,1,11,83,34737,42.24878048780488,0.025975145116739314,0.03949380800277465
GO:0032732,positive regulation of interleukin-1 production,1,11,83,34737,42.24878048780488,0.025975145116739314,0.03949380800277465
GO:2000027,regulation of animal organ morphogenesis,1,11,83,34737,42.24878048780488,0.025975145116739314,0.03949380800277465
GO:0043547,positive regulation of GTPase activity,1,11,83,34737,42.24878048780488,0.025975145116739314,0.03949380800277465
GO:1903053,regulation of extracellular matrix organization,1,11,83,34737,42.24878048780488,0.025975145116739314,0.03949380800277465
GO:0141124,intracellular signaling cassette,2,11,815,34737,9.26964602979363,0.02627792406900703,0.039595905631285476
GO:0051966,"regulation of synaptic transmission, glutamatergic",1,11,84,34737,41.73855421686747,0.026284323664777523,0.039595905631285476
GO:1903036,positive regulation of response to wounding,1,11,84,34737,41.73855421686747,0.026284323664777523,0.039595905631285476
GO:0014910,regulation of smooth muscle cell migration,1,11,84,34737,41.73855421686747,0.026284323664777523,0.039595905631285476
GO:0070098,chemokine-mediated signaling pathway,1,11,84,34737,41.73855421686747,0.026284323664777523,0.039595905631285476
GO:0006355,regulation of DNA-templated transcription,4,11,3867,34737,4.5653637069635,0.026587379377193576,0.03962370096004599
GO:0032943,mononuclear cell proliferation,1,11,85,34737,41.24047619047619,0.02659341299152231,0.03962370096004599
GO:0048704,embryonic skeletal system morphogenesis,1,11,85,34737,41.24047619047619,0.02659341299152231,0.03962370096004599
GO:0022405,hair cycle process,1,11,85,34737,41.24047619047619,0.02659341299152231,0.03962370096004599
GO:0060348,bone development,1,11,85,34737,41.24047619047619,0.02659341299152231,0.03962370096004599
GO:0022404,molting cycle process,1,11,85,34737,41.24047619047619,0.02659341299152231,0.03962370096004599
GO:2001141,regulation of RNA biosynthetic process,4,11,3879,34737,4.549456221198157,0.02686355553562308,0.039866257123695716
GO:0140962,multicellular organismal-level chemical homeostasis,1,11,86,34737,40.75411764705883,0.02690241312014674,0.039866257123695716
GO:0060390,regulation of SMAD protein signal transduction,1,11,86,34737,40.75411764705883,0.02690241312014674,0.039866257123695716
GO:0006915,apoptotic process,2,11,828,34737,9.120258272800646,0.027062644723534292,0.04003118152595127
GO:0090049,regulation of cell migration involved in sprouting angiogenesis,1,11,87,34737,40.27906976744186,0.02721132407381846,0.04010605962591622
GO:0032024,positive regulation of insulin secretion,1,11,87,34737,40.27906976744186,0.02721132407381846,0.04010605962591622
GO:0051057,positive regulation of small GTPase mediated signal transduction,1,11,90,34737,38.917977528089885,0.028137522116713866,0.041100880520485605
GO:0044703,multi-organism reproductive process,1,11,90,34737,38.917977528089885,0.028137522116713866,0.041100880520485605
GO:0035113,embryonic appendage morphogenesis,1,11,90,34737,38.917977528089885,0.028137522116713866,0.041100880520485605
GO:0030326,embryonic limb morphogenesis,1,11,90,34737,38.917977528089885,0.028137522116713866,0.041100880520485605
GO:2000177,regulation of neural precursor cell proliferation,1,11,90,34737,38.917977528089885,0.028137522116713866,0.041100880520485605
GO:0046425,regulation of receptor signaling pathway via JAK-STAT,1,11,91,34737,38.48444444444444,0.02844607660214452,0.04147752345909843
GO:2000278,regulation of DNA biosynthetic process,1,11,92,34737,38.06043956043956,0.028754542028380632,0.04185269640429779
GO:1902414,protein localization to cell junction,1,11,93,34737,37.64565217391304,0.02906291841855781,0.04222640722270033
GO:0008589,regulation of smoothened signaling pathway,1,11,94,34737,37.23978494623656,0.029371205795806262,0.042448138411606925
GO:0010660,regulation of muscle cell apoptotic process,1,11,94,34737,37.23978494623656,0.029371205795806262,0.042448138411606925
GO:0002244,hematopoietic progenitor cell differentiation,1,11,94,34737,37.23978494623656,0.029371205795806262,0.042448138411606925
GO:0045666,positive regulation of neuron differentiation,1,11,95,34737,36.84255319148936,0.029679404183250938,0.04281790585872887
GO:0010927,cellular component assembly involved in morphogenesis,1,11,97,34737,36.072916666666664,0.0302955340812019,0.04362983605356189
GO:0048863,stem cell differentiation,1,11,98,34737,35.7,0.03060346563793132,0.04368871708870474
GO:1900015,regulation of cytokine production involved in inflammatory response,1,11,98,34737,35.7,0.03060346563793132,0.04368871708870474
GO:0014013,regulation of gliogenesis,1,11,98,34737,35.7,0.03060346563793132,0.04368871708870474
GO:0051781,positive regulation of cell division,1,11,98,34737,35.7,0.03060346563793132,0.04368871708870474
GO:0016239,positive regulation of macroautophagy,1,11,98,34737,35.7,0.03060346563793132,0.04368871708870474
GO:0010564,regulation of cell cycle process,2,11,888,34737,8.487584650112867,0.03080866502493951,0.04382227068837787
GO:0042552,myelination,1,11,99,34737,35.33469387755102,0.030911308297303215,0.04382227068837787
GO:0090316,positive regulation of intracellular protein transport,1,11,99,34737,35.33469387755102,0.030911308297303215,0.04382227068837787
GO:0061387,regulation of extent of cell growth,1,11,99,34737,35.33469387755102,0.030911308297303215,0.04382227068837787
GO:0032880,regulation of protein localization,2,11,892,34737,8.448439450686642,0.03106554645749313,0.043964735297974705
GO:0044706,multi-multicellular organism process,1,11,100,34737,34.97676767676768,0.031219062082415778,0.04410568701798982
GO:0070661,leukocyte proliferation,1,11,101,34737,34.626,0.031526727016361944,0.04446355637824839
GO:0007272,ensheathment of neurons,1,11,102,34737,34.28217821782178,0.031834303122229284,0.04474305834017793
GO:0008366,axon ensheathment,1,11,102,34737,34.28217821782178,0.031834303122229284,0.04474305834017793
GO:0042476,odontogenesis,1,11,103,34737,33.94509803921569,0.03214179042309993,0.04509774368112476
GO:0051928,positive regulation of calcium ion transport,1,11,106,34737,32.97238095238095,0.03306371972647429,0.0463118540004383
GO:0120162,positive regulation of cold-induced thermogenesis,1,11,107,34737,32.660377358490564,0.03337085203807397,0.04666214866178548
GO:0141193,nuclear receptor-mediated signaling pathway,1,11,108,34737,32.354205607476636,0.03367789566000819,0.04701112397591587
GO:0001776,leukocyte homeostasis,1,11,109,34737,32.053703703703704,0.03398485061532712,0.04735878671778124
GO:0048588,developmental cell growth,1,11,111,34737,31.46909090909091,0.03459849461829367,0.04796876033519359
GO:1901655,cellular response to ketone,1,11,111,34737,31.46909090909091,0.03459849461829367,0.04796876033519359
GO:1904892,regulation of receptor signaling pathway via STAT,1,11,111,34737,31.46909090909091,0.03459849461829367,0.04796876033519359
GO:0097191,extrinsic apoptotic signaling pathway,1,11,112,34737,31.184684684684683,0.0349051837120151,0.048230473439912755
GO:0090277,positive regulation of peptide hormone secretion,1,11,112,34737,31.184684684684683,0.0349051837120151,0.048230473439912755
GO:0060562,epithelial tube morphogenesis,1,11,113,34737,30.90535714285714,0.03521178423126906,0.04832758305566794
GO:0050848,regulation of calcium-mediated signaling,1,11,113,34737,30.90535714285714,0.03521178423126906,0.04832758305566794
GO:0016049,cell growth,1,11,113,34737,30.90535714285714,0.03521178423126906,0.04832758305566794
GO:0042102,positive regulation of T cell proliferation,1,11,113,34737,30.90535714285714,0.03521178423126906,0.04832758305566794
GO:0035108,limb morphogenesis,1,11,114,34737,30.630973451327435,0.03551829619907914,0.048423277151411225
GO:0031032,actomyosin structure organization,1,11,114,34737,30.630973451327435,0.03551829619907914,0.048423277151411225
GO:0035107,appendage morphogenesis,1,11,114,34737,30.630973451327435,0.03551829619907914,0.048423277151411225
GO:0050673,epithelial cell proliferation,1,11,114,34737,30.630973451327435,0.03551829619907914,0.048423277151411225
GO:0002793,positive regulation of peptide secretion,1,11,115,34737,30.36140350877193,0.03582471963846364,0.048759768160171815
GO:0001817,regulation of cytokine production,2,11,973,34737,7.725140176221536,0.036453897217243236,0.049533700869941806
GO:0046822,regulation of nucleocytoplasmic transport,1,11,118,34737,29.58034188034188,0.03674345901616718,0.04976183687951118
GO:0071674,mononuclear cell migration,1,11,118,34737,29.58034188034188,0.03674345901616718,0.04976183687951118
GO:0001508,action potential,1,11,119,34737,29.328813559322032,0.03704952857192624,0.05009341218485234
GO:0001889,liver development,1,11,121,34737,28.838333333333335,0.03766140246618944,0.05083667857647353
GO:0051252,regulation of RNA metabolic process,4,11,4307,34737,4.040104910195545,0.03792811999769061,0.0509970036187862
GO:0043087,regulation of GTPase activity,1,11,122,34737,28.59917355371901,0.03796720685066112,0.0509970036187862
GO:0010821,regulation of mitochondrion organization,1,11,122,34737,28.59917355371901,0.03796720685066112,0.0509970036187862
GO:0022008,neurogenesis,1,11,123,34737,28.36393442622951,0.03827292289066236,0.0513233621714128
GO:0046634,regulation of alpha-beta T cell activation,1,11,124,34737,28.132520325203252,0.038578550609163605,0.051648534203430164
GO:0001667,ameboidal-type cell migration,1,11,125,34737,27.90483870967742,0.038884090029130076,0.05197252556181112
GO:0090263,positive regulation of canonical Wnt signaling pathway,1,11,126,34737,27.6808,0.03918954117352162,0.05229534205536816
GO:0032651,regulation of interleukin-1 beta production,1,11,127,34737,27.46031746031746,0.03949490406529274,0.052616989455064274
GO:0048562,embryonic organ morphogenesis,1,11,128,34737,27.243307086614173,0.03980017872739276,0.052851536037349475
GO:0034612,response to tumor necrosis factor,1,11,128,34737,27.243307086614173,0.03980017872739276,0.052851536037349475
GO:0030510,regulation of BMP signaling pathway,1,11,129,34737,27.0296875,0.040105365182765605,0.05317048414830189
GO:0032760,positive regulation of tumor necrosis factor production,1,11,131,34737,26.61230769230769,0.040715473565079034,0.05383647415416348
GO:0048878,chemical homeostasis,2,11,1034,34737,7.2553832902670115,0.040739336798810755,0.05383647415416348
GO:0003006,developmental process involved in reproduction,2,11,1041,34737,7.205004812319538,0.04124322075212241,0.05441444286328408
GO:0050768,negative regulation of neurogenesis,1,11,133,34737,26.207575757575757,0.041325229395678516,0.054434843229734346
GO:1903557,positive regulation of tumor necrosis factor superfamily cytokine production,1,11,135,34737,25.81492537313433,0.04193463285792476,0.05514876153984317
GO:0002064,epithelial cell development,1,11,138,34737,25.247445255474453,0.04284807776152473,0.056259594877892824
GO:0045931,positive regulation of mitotic cell cycle,1,11,139,34737,25.06376811594203,0.043152383410376506,0.05656834876552561
GO:0051961,negative regulation of nervous system development,1,11,140,34737,24.882733812949642,0.04345660110453473,0.05678514329634091
GO:1902652,secondary alcohol metabolic process,1,11,140,34737,24.882733812949642,0.04345660110453473,0.05678514329634091
GO:0006275,regulation of DNA replication,1,11,141,34737,24.704285714285714,0.043760730866879725,0.05709135223143161
GO:0002274,myeloid leukocyte activation,1,11,142,34737,24.52836879432624,0.0440647727202866,0.05721426045268958
GO:0007160,cell-matrix adhesion,1,11,142,34737,24.52836879432624,0.0440647727202866,0.05721426045268958
GO:0007088,regulation of mitotic nuclear division,1,11,142,34737,24.52836879432624,0.0440647727202866,0.05721426045268958
GO:0008360,regulation of cell shape,1,11,143,34737,24.354929577464787,0.04436872668762517,0.057517620333561635
GO:0071456,cellular response to hypoxia,1,11,146,34737,23.84896551724138,0.04528006150184935,0.05860615555144425
GO:0050714,positive regulation of protein secretion,1,11,148,34737,23.52312925170068,0.04588717903336539,0.059298123932532205
GO:0000122,negative regulation of transcription by RNA polymerase II,2,11,1107,34737,6.761387631975867,0.04611322711489551,0.05931540948566326
GO:0099175,regulation of postsynapse organization,1,11,149,34737,23.363513513513514,0.04619060616426344,0.05931540948566326
GO:0001101,response to acid chemical,1,11,149,34737,23.363513513513514,0.04619060616426344,0.05931540948566326
GO:0009581,detection of external stimulus,1,11,149,34737,23.363513513513514,0.04619060616426344,0.05931540948566326
GO:0032652,regulation of interleukin-1 production,1,11,150,34737,23.206040268456377,0.0464939455690337,0.05961135967941938
GO:0009582,detection of abiotic stimulus,1,11,151,34737,23.050666666666668,0.04679719727050361,0.059906271310284746
GO:2000377,regulation of reactive oxygen species metabolic process,1,11,153,34737,22.746052631578948,0.047403437654826214,0.06058751875257475
GO:0036294,cellular response to decreased oxygen levels,1,11,154,34737,22.59673202614379,0.04770642638330749,0.06087965176528164
GO:0120161,regulation of cold-induced thermogenesis,1,11,155,34737,22.44935064935065,0.04800932749974574,0.06117076307600003
GO:0050671,positive regulation of lymphocyte proliferation,1,11,156,34737,22.303870967741936,0.04831214102694206,0.06146085748061991
GO:0009628,response to abiotic stimulus,2,11,1138,34737,6.570813771517997,0.04847331924001458,0.06155876346119551
GO:0032946,positive regulation of mononuclear cell proliferation,1,11,157,34737,22.16025641025641,0.048614866987692296,0.06155876346119551
GO:0009755,hormone-mediated signaling pathway,1,11,157,34737,22.16025641025641,0.048614866987692296,0.06155876346119551
GO:0033157,regulation of intracellular protein transport,1,11,158,34737,22.01847133757962,0.04891750540478699,0.06184624330929793
GO:0045667,regulation of osteoblast differentiation,1,11,161,34737,21.60375,0.049824895621964745,0.06289624169562834
GO:0030177,positive regulation of Wnt signaling pathway,1,11,164,34737,21.204294478527608,0.050731498766197494,0.063942012312403
GO:0007204,positive regulation of cytosolic calcium ion concentration,1,11,166,34737,20.946060606060605,0.051335463903075695,0.06460370688110141
GO:0009266,response to temperature stimulus,1,11,167,34737,20.819277108433734,0.05163731545197699,0.06466692112967735
GO:0050680,negative regulation of epithelial cell proliferation,1,11,168,34737,20.694011976047904,0.05193907968483865,0.06466692112967735
GO:0007605,sensory perception of sound,1,11,168,34737,20.694011976047904,0.05193907968483865,0.06466692112967735
GO:0030307,positive regulation of cell growth,1,11,168,34737,20.694011976047904,0.05193907968483865,0.06466692112967735
GO:0050796,regulation of insulin secretion,1,11,168,34737,20.694011976047904,0.05193907968483865,0.06466692112967735
GO:0032388,positive regulation of intracellular transport,1,11,168,34737,20.694011976047904,0.05193907968483865,0.06466692112967735
GO:0051147,regulation of muscle cell differentiation,1,11,168,34737,20.694011976047904,0.05193907968483865,0.06466692112967735
GO:0010508,positive regulation of autophagy,1,11,169,34737,20.570238095238096,0.05224075662439337,0.06494367616831881
GO:0071453,cellular response to oxygen levels,1,11,170,34737,20.44792899408284,0.052542346293368486,0.06521948295595663
GO:0001822,kidney development,1,11,171,34737,20.327058823529413,0.052843848714486115,0.06539526210052896
GO:0051783,regulation of nuclear division,1,11,171,34737,20.327058823529413,0.052843848714486115,0.06539526210052896
GO:0007156,homophilic cell-cell adhesion,1,11,175,34737,19.857471264367817,0.054048986374639924,0.06678560552032546
GO:0050954,sensory perception of mechanical stimulus,1,11,176,34737,19.74342857142857,0.054350052897117765,0.06705632469056158
GO:0070665,positive regulation of leukocyte proliferation,1,11,177,34737,19.630681818181817,0.05465103230796036,0.06732612112637286
GO:0097193,intrinsic apoptotic signaling pathway,1,11,184,34737,18.875956284153006,0.05675545096297807,0.0698134720116031
GO:1903034,regulation of response to wounding,1,11,191,34737,18.17684210526316,0.05885561003228638,0.07228812163124664
GO:0071222,cellular response to lipopolysaccharide,1,11,192,34737,18.081151832460733,0.059155285487900465,0.07254726166282247
GO:0050806,positive regulation of synaptic transmission,1,11,193,34737,17.986458333333335,0.05945487419421493,0.0728055195971075
GO:0043270,positive regulation of monoatomic ion transport,1,11,194,34737,17.892746113989638,0.059754376173831156,0.07295385031372222
GO:0042129,regulation of T cell proliferation,1,11,194,34737,17.892746113989638,0.059754376173831156,0.07295385031372222
GO:0048608,reproductive structure development,1,11,195,34737,17.8,0.0600537914493454,0.07321013622289797
GO:0031589,cell-substrate adhesion,1,11,197,34737,17.617346938775512,0.0606523619784264,0.07382980967016785
GO:0051302,regulation of cell division,1,11,198,34737,17.52741116751269,0.06095151727715939,0.07408371639333786
GO:0007186,G protein-coupled receptor signaling pathway,2,11,1299,34737,5.72757645849396,0.061436086614791365,0.07456189740489516
GO:0090276,regulation of peptide hormone secretion,1,11,200,34737,17.350251256281407,0.061549568055886655,0.07458895802920783
GO:0001501,skeletal system development,1,11,202,34737,17.176616915422887,0.06214727256006978,0.07520187715109035
GO:0001708,cell fate specification,1,11,203,34737,17.09108910891089,0.06244599501560303,0.07545173400703586
GO:0016241,regulation of macroautophagy,1,11,204,34737,17.0064039408867,0.06274463097016458,0.07547810019646269
GO:0002791,regulation of peptide secretion,1,11,204,34737,17.0064039408867,0.06274463097016458,0.07547810019646269
GO:0030522,intracellular receptor signaling pathway,1,11,204,34737,17.0064039408867,0.06274463097016458,0.07547810019646269
GO:0006357,regulation of transcription by RNA polymerase II,3,11,3006,34737,3.9614135864135864,0.06305884978312261,0.07574469768369206
GO:0090087,regulation of peptide transport,1,11,206,34737,16.83951219512195,0.06334164346654307,0.07597282163582439
GO:0071219,cellular response to molecule of bacterial origin,1,11,209,34737,16.595192307692308,0.06423651401725132,0.07693333596795253
GO:0009612,response to mechanical stimulus,1,11,210,34737,16.51531100478469,0.06453463143922221,0.07717738087322189
GO:0045944,positive regulation of transcription by RNA polymerase II,2,11,1350,34737,5.502472799208705,0.06577580272335162,0.07854687098934544
GO:0032680,regulation of tumor necrosis factor production,1,11,215,34737,16.127102803738318,0.06602392385003646,0.07872823572788604
GO:1903828,negative regulation of protein localization,1,11,218,34737,15.902764976958526,0.06691646434708905,0.07967637239580617
GO:0050769,positive regulation of neurogenesis,1,11,219,34737,15.829357798165137,0.06721380548942177,0.07991408850341135
GO:1903555,regulation of tumor necrosis factor superfamily cytokine production,1,11,221,34737,15.684545454545454,0.06780822937386172,0.08050381948885178
GO:0060326,cell chemotaxis,1,11,225,34737,15.402678571428572,0.06899604417055125,0.08179531033552308
GO:0048872,homeostasis of number of cells,1,11,230,34737,15.064192139737992,0.07047887769472014,0.08343230384121718
GO:0022408,negative regulation of cell-cell adhesion,1,11,231,34737,14.998260869565218,0.07077518662755578,0.08366199806552113
GO:0045664,regulation of neuron differentiation,1,11,233,34737,14.868103448275862,0.07136754690048608,0.0842404810455954
GO:0071216,cellular response to biotic stimulus,1,11,235,34737,14.74017094017094,0.071959563865723,0.08481689227977149
GO:0050900,leukocyte migration,1,11,242,34737,14.309128630705395,0.07402892228069587,0.08713044377785499
GO:0007420,brain development,1,11,246,34737,14.073877551020407,0.07520952854800368,0.08826598902764278
GO:0022604,regulation of cell morphogenesis,1,11,246,34737,14.073877551020407,0.07520952854800368,0.08826598902764278
GO:0051924,regulation of calcium ion transport,1,11,253,34737,13.68015873015873,0.07727229722758566,0.09055693285410468
GO:0043207,response to external biotic stimulus,2,11,1484,34737,4.9848553006447744,0.07767179048372297,0.09089488500098053
GO:0051222,positive regulation of protein transport,1,11,257,34737,13.46484375,0.07844914333332358,0.09141224963911493
GO:0050670,regulation of lymphocyte proliferation,1,11,257,34737,13.46484375,0.07844914333332358,0.09141224963911493
GO:0030099,myeloid cell differentiation,1,11,257,34737,13.46484375,0.07844914333332358,0.09141224963911493
GO:0032944,regulation of mononuclear cell proliferation,1,11,259,34737,13.35968992248062,0.07903705455081098,0.09196630245030352
GO:1902115,regulation of organelle assembly,1,11,264,34737,13.103802281368822,0.08050534116965258,0.093541717438602
GO:0009607,response to biotic stimulus,2,11,1523,34737,4.851340492366133,0.08126130646127055,0.09428616834797066
GO:0032535,regulation of cellular component size,1,11,268,34737,12.905992509363296,0.08167843789555965,0.09463592379400537
GO:0050708,regulation of protein secretion,1,11,270,34737,12.809293680297397,0.08226447589103891,0.09518011496304078
GO:0008202,steroid metabolic process,1,11,273,34737,12.666911764705882,0.08314289542453508,0.0960605769170476
GO:0050870,positive regulation of T cell activation,1,11,275,34737,12.573722627737226,0.08372808373261423,0.09660024329094279
GO:0009410,response to xenobiotic stimulus,1,11,277,34737,12.481884057971014,0.08431293247630145,0.097137998261429
GO:0007507,heart development,1,11,279,34737,12.39136690647482,0.0848974418329408,0.09767385009753246
GO:0045892,negative regulation of DNA-templated transcription,2,11,1574,34737,4.686740175289794,0.08603716343250274,0.09884606697722927
GO:1902679,negative regulation of RNA biosynthetic process,2,11,1583,34737,4.6587954178087,0.08688935548671137,0.09932594071748282
GO:0010721,negative regulation of cell development,1,11,286,34737,12.084561403508772,0.08694055446664756,0.09932594071748282
GO:0140694,membraneless organelle assembly,1,11,286,34737,12.084561403508772,0.08694055446664756,0.09932594071748282
GO:0070663,regulation of leukocyte proliferation,1,11,286,34737,12.084561403508772,0.08694055446664756,0.09932594071748282
GO:0007611,learning or memory,1,11,289,34737,11.957638888888889,0.08781490401169441,0.10018492535783267
GO:0060828,regulation of canonical Wnt signaling pathway,1,11,290,34737,11.915916955017302,0.08810618466821643,0.10037724102869226
GO:1904951,positive regulation of establishment of protein localization,1,11,293,34737,11.792465753424658,0.08897951937168239,0.10123121953551625
GO:1903039,positive regulation of leukocyte cell-cell adhesion,1,11,298,34737,11.592255892255892,0.09043338764878428,0.10259987669445984
GO:0001666,response to hypoxia,1,11,298,34737,11.592255892255892,0.09043338764878428,0.10259987669445984
GO:0097190,apoptotic signaling pathway,1,11,300,34737,11.514046822742475,0.09101434412786816,0.10311597437201683
GO:0007015,actin filament organization,1,11,306,34737,11.285573770491803,0.09275519014929422,0.10494293989228584
GO:0050878,regulation of body fluid levels,1,11,307,34737,11.248366013071895,0.0930450363027129,0.10512546919284413
GO:0032386,regulation of intracellular transport,1,11,308,34737,11.211400651465798,0.09333479827194524,0.10530739998131201
GO:0036293,response to decreased oxygen levels,1,11,310,34737,11.138187702265371,0.0939140697458715,0.10566947600016904
GO:0003012,muscle system process,1,11,310,34737,11.138187702265371,0.0939140697458715,0.10566947600016904
GO:0080134,regulation of response to stress,2,11,1668,34737,4.409763905562225,0.09507175302631617,0.10682512908726184
GO:0006066,alcohol metabolic process,1,11,323,34737,10.684472049689441,0.09767114066024997,0.10959532655704317
GO:0051253,negative regulation of RNA metabolic process,2,11,1715,34737,4.282674969189856,0.09969636023913928,0.11171455161043278
GO:0051056,regulation of small GTPase mediated signal transduction,1,11,332,34737,10.391238670694865,0.10026388741784249,0.11219679877947354
GO:0007162,negative regulation of cell adhesion,1,11,337,34737,10.235119047619047,0.10170137401660252,0.1136498961005203
GO:0070482,response to oxygen levels,1,11,339,34737,10.17396449704142,0.10227578381955581,0.11413586789140061
GO:0050890,cognition,1,11,341,34737,10.113529411764706,0.10284985969245072,0.11462014336297642
GO:0010467,gene expression,1,11,347,34737,9.936416184971097,0.10457008547763696,0.11637868016422726
GO:0051251,positive regulation of lymphocyte activation,1,11,353,34737,9.76534090909091,0.10628731217755114,0.11812910511037612
GO:0006935,chemotaxis,1,11,358,34737,9.627170868347338,0.10771604685536493,0.11955458117732498
GO:0050767,regulation of neurogenesis,1,11,359,34737,9.6,0.10800154449882725,0.1197090289973451
GO:0042330,taxis,1,11,360,34737,9.572980501392758,0.10828695909567732,0.11986296690157516
GO:0030111,regulation of Wnt signaling pathway,1,11,369,34737,9.336413043478261,0.11085195695551445,0.122536352418393
GO:0032956,regulation of actin cytoskeleton organization,1,11,375,34737,9.185026737967915,0.11255822722738418,0.12425456123076958
GO:0030036,actin cytoskeleton organization,1,11,376,34737,9.160266666666667,0.11284231603189208,0.1244002891025441
GO:0045934,negative regulation of nucleobase-containing compound metabolic process,2,11,1851,34737,3.951325040562466,0.1134523707018142,0.12490449425852491
GO:0010959,regulation of metal ion transport,1,11,383,34737,8.990575916230366,0.11482862390055827,0.12624975047131273
GO:0040011,locomotion,1,11,386,34737,8.91974025974026,0.11567866037569015,0.12701361635881148
GO:0002696,positive regulation of leukocyte activation,1,11,389,34737,8.85,0.11652795469859424,0.12777462056762745
GO:0010506,regulation of autophagy,1,11,392,34737,8.781329923273658,0.1173765074524858,0.12853277522909423
GO:0090287,regulation of cellular response to growth factor stimulus,1,11,393,34737,8.758673469387755,0.11765919367807981,0.12867008078699102
GO:0006979,response to oxidative stress,1,11,399,34737,8.625125628140703,0.1193535832717742,0.13034877318599639
GO:0030031,cell projection assembly,1,11,403,34737,8.538308457711443,0.12048153242927932,0.131405191369534
GO:0050867,positive regulation of cell activation,1,11,410,34737,8.390464547677261,0.12245228363532078,0.1333767883005225
GO:0032970,regulation of actin filament-based process,1,11,416,34737,8.267710843373495,0.12413830285065959,0.1350334198561696
GO:0090066,regulation of anatomical structure size,1,11,421,34737,8.168095238095239,0.12554106874366805,0.13637794718767657
GO:0007389,pattern specification process,1,11,422,34737,8.148456057007126,0.12582137671207405,0.13650117526588407
GO:1903037,regulation of leukocyte cell-cell adhesion,1,11,426,34737,8.070823529411765,0.12694179193275676,0.1375342858291325
GO:0050863,regulation of T cell activation,1,11,429,34737,8.013551401869158,0.12778124646230324,0.13826066085471433
GO:0030029,actin filament-based process,1,11,430,34737,7.994638694638694,0.12806090153659813,0.13838020800123815
GO:0043269,regulation of monoatomic ion transport,1,11,447,34737,7.686098654708521,0.13280258336990727,0.1433146612092139
GO:0010720,positive regulation of cell development,1,11,451,34737,7.616888888888889,0.13391486092318294,0.14413467925679427
GO:0051223,regulation of protein transport,1,11,451,34737,7.616888888888889,0.13391486092318294,0.14413467925679427
GO:1901699,cellular response to nitrogen compound,1,11,467,34737,7.351931330472103,0.1383510139576226,0.14871370488480326
GO:0031667,response to nutrient levels,1,11,487,34737,7.045267489711934,0.14386715347205356,0.15444006763797877
GO:0070201,regulation of establishment of protein localization,1,11,501,34737,6.8452,0.14770932860063077,0.1583567900331795
GO:0050727,regulation of inflammatory response,1,11,530,34737,6.464461247637051,0.1556182994687249,0.16661749864583375
GO:0046903,secretion,1,11,538,34737,6.366666666666666,0.15778831143270228,0.1687200506561444
GO:0001819,positive regulation of cytokine production,1,11,562,34737,6.090017825311943,0.16426796393004647,0.17541931396185118
GO:0051249,regulation of lymphocyte activation,1,11,565,34737,6.05709219858156,0.16507472582273064,0.1760510113728731
GO:0098609,cell-cell adhesion,1,11,569,34737,6.0137323943661976,0.16614930701867942,0.1769663191943747
GO:0051493,regulation of cytoskeleton organization,1,11,571,34737,5.992280701754386,0.16668612599196733,0.17730721854542167
GO:0050906,detection of stimulus involved in sensory perception,1,11,575,34737,5.949825783972125,0.1677588215171393,0.1782165142870389
GO:0060341,regulation of cellular localization,1,11,580,34737,5.897582037996545,0.16909792558965747,0.1794061000419453
GO:0080135,regulation of cellular response to stress,1,11,610,34737,5.6021346469622335,0.17709149970912266,0.18764358388868177
GO:0007283,spermatogenesis,1,11,619,34737,5.519093851132686,0.17947590236719713,0.18992404674821117
GO:0048232,male gamete generation,1,11,623,34737,5.482958199356913,0.18053361940480392,0.19079651249758348
GO:0002694,regulation of leukocyte activation,1,11,639,34737,5.34294670846395,0.18475210393303282,0.19500286582867205
GO:0044057,regulation of system process,1,11,645,34737,5.292236024844721,0.1863289390574694,0.19641375276934273
GO:0009896,positive regulation of catabolic process,1,11,652,34737,5.234254992319508,0.188165075445552,0.19809399191050392
GO:0007610,behavior,1,11,653,34737,5.226073619631902,0.18842707292743838,0.19811484017306502
GO:0007276,gamete generation,1,11,673,34737,5.067559523809524,0.19365090721649394,0.20334588203221057
GO:0051606,detection of stimulus,1,11,698,34737,4.882209469153515,0.2001377083990321,0.20988800701334395
GO:0002250,adaptive immune response,1,11,699,34737,4.875071633237822,0.20039619088111482,0.20988999249776175
GO:0050865,regulation of cell activation,1,11,707,34737,4.818696883852692,0.20246131860598415,0.21178178851623405
GO:0045087,innate immune response,1,11,719,34737,4.736490250696379,0.20554991992954746,0.21473797509881204
GO:0006508,proteolysis,1,11,724,34737,4.703042876901798,0.2068336247695859,0.21580345033357304
GO:0045596,negative regulation of cell differentiation,1,11,752,34737,4.523968042609853,0.2139875897387289,0.22298324637742706
GO:0006996,organelle organization,2,11,2763,34737,2.572739345647712,0.21618072423102883,0.22498197509030735
GO:1901698,response to nitrogen compound,1,11,794,34737,4.2790668348045395,0.22460859645424733,0.2334559490464731
GO:0140546,defense response to symbiont,1,11,821,34737,4.134878048780488,0.23136731439729286,0.24017571469160603
GO:0043436,oxoacid metabolic process,1,11,835,34737,4.06378896882494,0.23485070903648134,0.24317453163524272
GO:0098542,defense response to other organism,1,11,835,34737,4.06378896882494,0.23485070903648134,0.24317453163524272
GO:0006082,organic acid metabolic process,1,11,844,34737,4.0193357058125745,0.23708244927357103,0.2451750233954249
GO:0043687,post-translational protein modification,1,11,852,34737,3.980611045828437,0.23906124872159096,0.2469092190079058
GO:0048609,multicellular organismal reproductive process,1,11,910,34737,3.7202420242024203,0.25326858875116326,0.2611742273944507
GO:0060284,regulation of cell development,1,11,911,34737,3.716043956043956,0.25351141387676507,0.2611742273944507
GO:0007600,sensory perception,1,11,965,34737,3.5022821576763485,0.2665178672256676,0.27422844703219634
GO:0031347,regulation of defense response,1,11,996,34737,3.3900502512562816,0.2738911149732454,0.2814609699096919
GO:0007010,cytoskeleton organization,1,11,1074,34737,3.136346691519105,0.2921460663230588,0.2998437669413577
GO:0051093,negative regulation of developmental process,1,11,1095,34737,3.0742230347349175,0.2969890490371255,0.30443238359945946
GO:0002684,positive regulation of immune system process,1,11,1160,34737,2.8962036238136326,0.3117889497195381,0.31920320509459593
GO:0009894,regulation of catabolic process,1,11,1235,34737,2.714100486223663,0.3285134340178918,0.3357107834541136
GO:0006338,chromatin remodeling,1,11,1236,34737,2.7118218623481782,0.32873390898135085,0.3357107834541136
GO:0006629,lipid metabolic process,1,11,1247,34737,2.6869983948635636,0.33115479391087327,0.3377613733405166
GO:0051707,response to other organism,1,11,1278,34737,2.6193422083007047,0.3379346473777503,0.3442472497571603
GO:0006325,chromatin organization,1,11,1450,34737,2.2965493443754315,0.37443007510839765,0.38095000178938965
GO:0044419,biological process involved in interspecies interaction between organisms,1,11,1468,34737,2.267143830947512,0.3781416442329796,0.38424827948146245
GO:0006952,defense response,1,11,1510,34737,2.2012591119946983,0.38672424591504423,0.3924819269956652
GO:0044281,small molecule metabolic process,1,11,1595,34737,2.0785445420326223,0.4037651627350262,0.40926877709696585
GO:0006955,immune response,1,11,1700,34737,1.9439081812831076,0.42422096090944844,0.4294712203266446
GO:0008104,intracellular protein localization,1,11,1834,34737,1.7944899072558647,0.4493993233035531,0.4542095639352519
GO:0002682,regulation of immune system process,1,11,1836,34737,1.792425068119891,0.44976741661070174,0.4542095639352519
GO:0033036,macromolecule localization,1,11,1877,34737,1.7510660980810235,0.45726420112240856,0.46121099447365005
GO:0051179,localization,2,11,4890,34737,1.356519367157665,0.47195513145496,0.47544248464305083
GO:0009059,macromolecule biosynthetic process,1,11,3445,34737,0.9083042973286876,0.6830611896096256,0.687262057934408
GO:0006810,transport,1,11,4034,34737,0.7610463674683858,0.7428519840043545,0.7465023623041303
GO:0051234,establishment of localization,1,11,4276,34737,0.7123040935672514,0.7642922945962788,0.7671056404659583
GO:0009058,biosynthetic process,1,11,4614,34737,0.6527856058963798,0.7915222572644416,0.7934622627969524
GO:0065003,protein-containing complex assembly,1,11,4633,34737,0.6496977547495683,0.7929644071931978,0.793934987862957
GO:0043933,protein-containing complex organization,1,11,4796,34737,0.6242127215849843,0.8049689544442606,0.8049689544442606
