drug_id,ae,ae_theme,faers_count,log_faers,path_count,max_path_score,mean_path_score,go_overlap_ratio,n_proteins,theme_specificity,has_direct_maps_to,label,label_threshold,kg_score,novel_flag
drug:CHEMBL4582651,Lymphopenia,Haematological,5.0,1.791759469228055,63,0.18,0.1470698892813784,1.0,3,0.0625,1,0,11.0,0.5542028412521323,True
drug:CHEMBL4582651,Full Blood Count Abnormal,Haematological,4.0,1.6094379124341003,63,0.18,0.1470698892813784,1.0,3,0.0625,1,0,11.0,0.5542028412521323,True
drug:CHEMBL4582651,Platelet Count Increased,Haematological,6.0,1.9459101490553132,63,0.18,0.1470698892813784,1.0,3,0.0625,1,0,11.0,0.5542028412521323,True
drug:CHEMBL4582651,Blood Test Abnormal,Haematological,6.0,1.9459101490553132,63,0.18,0.1470698892813784,1.0,3,0.0625,1,0,11.0,0.5542028412521323,True
drug:CHEMBL4582651,Thrombocytopenia,Haematological,6.0,1.9459101490553132,63,0.18,0.1470698892813784,1.0,3,0.0625,1,0,11.0,0.5542028412521323,True
drug:CHEMBL4582651,Myelosuppression,Haematological,5.0,1.791759469228055,63,0.18,0.1470698892813784,1.0,3,0.0625,1,0,11.0,0.5542028412521323,True
drug:CHEMBL4582651,Febrile Neutropenia,Haematological,4.0,1.6094379124341003,63,0.18,0.1470698892813784,1.0,3,0.0625,1,0,11.0,0.5542028412521323,True
drug:CHEMBL4582651,Leukopenia,Haematological,4.0,1.6094379124341003,63,0.18,0.1470698892813784,1.0,3,0.0625,1,0,11.0,0.5542028412521323,True
drug:CHEMBL4582651,Pancytopenia,Haematological,4.0,1.6094379124341003,63,0.18,0.1470698892813784,1.0,3,0.0625,1,0,11.0,0.5542028412521323,True
drug:CHEMBL4582651,Neutrophil Count Decreased,Haematological,9.0,2.302585092994046,63,0.18,0.1470698892813784,1.0,3,0.0625,1,0,11.0,0.5542028412521323,True
drug:CHEMBL4582651,Sinusitis,Immune/Infection,3.0,1.3862943611198906,30,0.18,0.11504320953296118,1.0,3,0.0625,1,0,11.0,0.4747969072574272,True
drug:CHEMBL4582651,Cellulitis,Immune/Infection,4.0,1.6094379124341003,30,0.18,0.11504320953296118,1.0,3,0.0625,1,0,11.0,0.4747969072574272,True
drug:CHEMBL4582651,Influenza,Immune/Infection,3.0,1.3862943611198906,30,0.18,0.11504320953296118,1.0,3,0.0625,1,0,11.0,0.4747969072574272,True
drug:CHEMBL4582651,Pneumonia Viral,Immune/Infection,3.0,1.3862943611198906,30,0.18,0.11504320953296118,1.0,3,0.0625,1,0,11.0,0.4747969072574272,True
drug:CHEMBL4582651,Nasopharyngitis,Immune/Infection,6.0,1.9459101490553132,30,0.18,0.11504320953296118,1.0,3,0.0625,1,0,11.0,0.4747969072574272,True
drug:CHEMBL4582651,Pneumocystis Jirovecii Pneumonia,Immune/Infection,3.0,1.3862943611198906,30,0.18,0.11504320953296118,1.0,3,0.0625,1,0,11.0,0.4747969072574272,True
drug:CHEMBL4582651,Infection,Immune/Infection,6.0,1.9459101490553132,30,0.18,0.11504320953296118,1.0,3,0.0625,1,0,11.0,0.4747969072574272,True
drug:CHEMBL4582651,Herpes Zoster,Immune/Infection,8.0,2.1972245773362196,30,0.18,0.11504320953296118,1.0,3,0.0625,1,0,11.0,0.4747969072574272,True
drug:CHEMBL4582651,Sepsis,Immune/Infection,5.0,1.791759469228055,30,0.18,0.11504320953296118,1.0,3,0.0625,1,0,11.0,0.4747969072574272,True
drug:CHEMBL4582651,Bronchopulmonary Aspergillosis,Immune/Infection,3.0,1.3862943611198906,30,0.18,0.11504320953296118,1.0,3,0.0625,1,0,11.0,0.4747969072574272,True
drug:CHEMBL4582651,Fungal Foot Infection,Immune/Infection,3.0,1.3862943611198906,30,0.18,0.11504320953296118,1.0,3,0.0625,1,0,11.0,0.4747969072574272,True
drug:CHEMBL4582651,Immunodeficiency,Immune/Infection,4.0,1.6094379124341003,30,0.18,0.11504320953296118,1.0,3,0.0625,1,0,11.0,0.4747969072574272,True
drug:CHEMBL4582651,Pneumonia Fungal,Immune/Infection,3.0,1.3862943611198906,30,0.18,0.11504320953296118,1.0,3,0.0625,1,0,11.0,0.4747969072574272,True
drug:CHEMBL4582651,Anxiety,Neurological,4.0,1.6094379124341003,18,0.18,0.15998993464787797,1.0,2,0.05,1,0,11.0,0.458041475549998,True
drug:CHEMBL4582651,Loss Of Consciousness,Neurological,6.0,1.9459101490553132,18,0.18,0.15998993464787797,1.0,2,0.05,1,0,11.0,0.458041475549998,True
drug:CHEMBL4582651,Syncope,Neurological,6.0,1.9459101490553132,18,0.18,0.15998993464787797,1.0,2,0.05,1,0,11.0,0.458041475549998,True
drug:CHEMBL4582651,Depression,Neurological,6.0,1.9459101490553132,18,0.18,0.15998993464787797,1.0,2,0.05,1,0,11.0,0.458041475549998,True
drug:CHEMBL4582651,Metastases To Central Nervous System,Neurological,5.0,1.791759469228055,18,0.18,0.15998993464787797,1.0,2,0.05,1,0,11.0,0.458041475549998,True
drug:CHEMBL4582651,Brain Neoplasm,Neurological,4.0,1.6094379124341003,18,0.18,0.15998993464787797,1.0,2,0.05,1,0,11.0,0.458041475549998,True
drug:CHEMBL4582651,Confusional State,Neurological,4.0,1.6094379124341003,18,0.18,0.15998993464787797,1.0,2,0.05,1,0,11.0,0.458041475549998,True
drug:CHEMBL4582651,Hypoaesthesia,Neurological,7.0,2.0794415416798357,18,0.18,0.15998993464787797,1.0,2,0.05,1,0,11.0,0.458041475549998,True
drug:CHEMBL4582651,Initial Insomnia,Neurological,3.0,1.3862943611198906,18,0.18,0.15998993464787797,1.0,2,0.05,1,0,11.0,0.458041475549998,True
drug:CHEMBL4582651,Paraesthesia,Neurological,7.0,2.0794415416798357,18,0.18,0.15998993464787797,1.0,2,0.05,1,0,11.0,0.458041475549998,True
drug:CHEMBL4582651,Brain Fog,Neurological,3.0,1.3862943611198906,18,0.18,0.15998993464787797,1.0,2,0.05,1,0,11.0,0.458041475549998,True
drug:CHEMBL4582651,Balance Disorder,Neurological,9.0,2.302585092994046,18,0.18,0.15998993464787797,1.0,2,0.05,1,0,11.0,0.458041475549998,True
drug:CHEMBL4582651,Hypersomnia,Neurological,3.0,1.3862943611198906,18,0.18,0.15998993464787797,1.0,2,0.05,1,0,11.0,0.458041475549998,True
drug:CHEMBL4582651,Somnolence,Neurological,3.0,1.3862943611198906,18,0.18,0.15998993464787797,1.0,2,0.05,1,0,11.0,0.458041475549998,True
drug:CHEMBL4582651,Poor Quality Sleep,Neurological,4.0,1.6094379124341003,18,0.18,0.15998993464787797,1.0,2,0.05,1,0,11.0,0.458041475549998,True
drug:CHEMBL4582651,Insomnia,Neurological,8.0,2.1972245773362196,18,0.18,0.15998993464787797,1.0,2,0.05,1,0,11.0,0.458041475549998,True
drug:CHEMBL4582651,Neuropathy Peripheral,Neurological,9.0,2.302585092994046,18,0.18,0.15998993464787797,1.0,2,0.05,1,0,11.0,0.458041475549998,True
drug:CHEMBL4582651,Gait Disturbance,Neurological,9.0,2.302585092994046,18,0.18,0.15998993464787797,1.0,2,0.05,1,0,11.0,0.458041475549998,True
drug:CHEMBL4582651,Metastatic Neoplasm,Proliferative,4.0,1.6094379124341003,21,0.18,0.11122994113298083,1.0,3,0.14285714285714285,1,0,11.0,0.4335623500821887,True
drug:CHEMBL4582651,Carcinoembryonic Antigen Increased,Proliferative,5.0,1.791759469228055,21,0.18,0.11122994113298083,1.0,3,0.14285714285714285,1,0,11.0,0.4335623500821887,True
drug:CHEMBL4582651,Drug Resistance,Proliferative,5.0,1.791759469228055,21,0.18,0.11122994113298083,1.0,3,0.14285714285714285,1,0,11.0,0.4335623500821887,True
drug:CHEMBL4582651,Malignant Neoplasm Progression,Proliferative,8.0,2.1972245773362196,21,0.18,0.11122994113298083,1.0,3,0.14285714285714285,1,0,11.0,0.4335623500821887,True
drug:CHEMBL4582651,Neoplasm Progression,Proliferative,4.0,1.6094379124341003,21,0.18,0.11122994113298083,1.0,3,0.14285714285714285,1,0,11.0,0.4335623500821887,True
drug:CHEMBL4582651,Neoplasm Malignant,Proliferative,7.0,2.0794415416798357,21,0.18,0.11122994113298083,1.0,3,0.14285714285714285,1,0,11.0,0.4335623500821887,True
drug:CHEMBL4582651,Generalised Oedema,Oedema/Fluid,4.0,1.6094379124341003,2,0.10338285194973315,0.10338285194973315,1.0,2,0.1,1,0,11.0,0.4248533957033458,True
drug:CHEMBL4582651,Periorbital Swelling,Oedema/Fluid,3.0,1.3862943611198906,2,0.10338285194973315,0.10338285194973315,1.0,2,0.1,1,0,11.0,0.4248533957033458,True
drug:CHEMBL4582651,Eye Swelling,Oedema/Fluid,3.0,1.3862943611198906,2,0.10338285194973315,0.10338285194973315,1.0,2,0.1,1,0,11.0,0.4248533957033458,True
drug:CHEMBL4582651,Limb Discomfort,Oedema/Fluid,4.0,1.6094379124341003,2,0.10338285194973315,0.10338285194973315,1.0,2,0.1,1,0,11.0,0.4248533957033458,True
drug:CHEMBL4582651,Face Oedema,Oedema/Fluid,10.0,2.3978952727983707,2,0.10338285194973315,0.10338285194973315,1.0,2,0.1,1,0,11.0,0.4248533957033458,True
drug:CHEMBL4582651,Swelling Of Eyelid,Oedema/Fluid,5.0,1.791759469228055,2,0.10338285194973315,0.10338285194973315,1.0,2,0.1,1,0,11.0,0.4248533957033458,True
drug:CHEMBL4582651,Swelling Face,Oedema/Fluid,8.0,2.1972245773362196,2,0.10338285194973315,0.10338285194973315,1.0,2,0.1,1,0,11.0,0.4248533957033458,True
drug:CHEMBL4582651,Peripheral Swelling,Oedema/Fluid,9.0,2.302585092994046,2,0.10338285194973315,0.10338285194973315,1.0,2,0.1,1,0,11.0,0.4248533957033458,True
drug:CHEMBL4582651,Pulmonary Oedema,Pulmonary,5.0,1.791759469228055,1,0.18,0.18,1.0,1,0.07692307692307693,1,0,11.0,0.41404120160697216,True
drug:CHEMBL4582651,Lung Disorder,Pulmonary,7.0,2.0794415416798357,1,0.18,0.18,1.0,1,0.07692307692307693,1,0,11.0,0.41404120160697216,True
drug:CHEMBL4582651,Respiratory Failure,Pulmonary,3.0,1.3862943611198906,1,0.18,0.18,1.0,1,0.07692307692307693,1,0,11.0,0.41404120160697216,True
drug:CHEMBL4582651,Haemoptysis,Pulmonary,4.0,1.6094379124341003,1,0.18,0.18,1.0,1,0.07692307692307693,1,0,11.0,0.41404120160697216,True
drug:CHEMBL4582651,Tachypnoea,Pulmonary,3.0,1.3862943611198906,1,0.18,0.18,1.0,1,0.07692307692307693,1,0,11.0,0.41404120160697216,True
drug:CHEMBL4582651,Epistaxis,Pulmonary,10.0,2.3978952727983707,1,0.18,0.18,1.0,1,0.07692307692307693,1,0,11.0,0.41404120160697216,True
drug:CHEMBL4582651,Pneumothorax,Pulmonary,4.0,1.6094379124341003,1,0.18,0.18,1.0,1,0.07692307692307693,1,0,11.0,0.41404120160697216,True
drug:CHEMBL4582651,Hypoxia,Pulmonary,5.0,1.791759469228055,1,0.18,0.18,1.0,1,0.07692307692307693,1,0,11.0,0.41404120160697216,True
drug:CHEMBL4582651,Muscular Weakness,Musculoskeletal,9.0,2.302585092994046,1,0.18,0.18,1.0,1,0.08333333333333333,1,0,11.0,0.412399134104045,True
drug:CHEMBL4582651,Musculoskeletal Chest Pain,Musculoskeletal,3.0,1.3862943611198906,1,0.18,0.18,1.0,1,0.08333333333333333,1,0,11.0,0.412399134104045,True
drug:CHEMBL4582651,Pain In Extremity,Musculoskeletal,10.0,2.3978952727983707,1,0.18,0.18,1.0,1,0.08333333333333333,1,0,11.0,0.412399134104045,True
drug:CHEMBL4582651,Muscle Spasms,Musculoskeletal,3.0,1.3862943611198906,1,0.18,0.18,1.0,1,0.08333333333333333,1,0,11.0,0.412399134104045,True
drug:CHEMBL4582651,Back Disorder,Musculoskeletal,3.0,1.3862943611198906,1,0.18,0.18,1.0,1,0.08333333333333333,1,0,11.0,0.412399134104045,True
drug:CHEMBL4582651,Myalgia,Musculoskeletal,10.0,2.3978952727983707,1,0.18,0.18,1.0,1,0.08333333333333333,1,0,11.0,0.412399134104045,True
drug:CHEMBL4582651,Blood Creatine Phosphokinase Increased,Musculoskeletal,7.0,2.0794415416798357,1,0.18,0.18,1.0,1,0.08333333333333333,1,0,11.0,0.412399134104045,True
drug:CHEMBL4582651,Rhabdomyolysis,Musculoskeletal,3.0,1.3862943611198906,1,0.18,0.18,1.0,1,0.08333333333333333,1,0,11.0,0.412399134104045,True
drug:CHEMBL4582651,Metastases To Bone,Musculoskeletal,5.0,1.791759469228055,1,0.18,0.18,1.0,1,0.08333333333333333,1,0,11.0,0.412399134104045,True
drug:CHEMBL4582651,Bone Pain,Musculoskeletal,6.0,1.9459101490553132,1,0.18,0.18,1.0,1,0.08333333333333333,1,0,11.0,0.412399134104045,True
drug:CHEMBL4582651,Heart Rate Increased,Cardiovascular,7.0,2.0794415416798357,8,0.18,0.10239491991087632,1.0,3,0.1111111111111111,1,0,11.0,0.4121263715743078,True
drug:CHEMBL4582651,Thrombosis,Cardiovascular,6.0,1.9459101490553132,8,0.18,0.10239491991087632,1.0,3,0.1111111111111111,1,0,11.0,0.4121263715743078,True
drug:CHEMBL4582651,Pulmonary Embolism,Cardiovascular,7.0,2.0794415416798357,8,0.18,0.10239491991087632,1.0,3,0.1111111111111111,1,0,11.0,0.4121263715743078,True
drug:CHEMBL4582651,Myocardial Infarction,Cardiovascular,3.0,1.3862943611198906,8,0.18,0.10239491991087632,1.0,3,0.1111111111111111,1,0,11.0,0.4121263715743078,True
drug:CHEMBL4582651,Labile Blood Pressure,Cardiovascular,3.0,1.3862943611198906,8,0.18,0.10239491991087632,1.0,3,0.1111111111111111,1,0,11.0,0.4121263715743078,True
drug:CHEMBL4582651,Blood Pressure Abnormal,Cardiovascular,6.0,1.9459101490553132,8,0.18,0.10239491991087632,1.0,3,0.1111111111111111,1,0,11.0,0.4121263715743078,True
drug:CHEMBL4582651,Blood Glucose Increased,Metabolic/Endocrine,4.0,1.6094379124341003,4,0.18,0.16084571298743328,1.0,1,0.09090909090909091,1,0,11.0,0.4116722929912104,True
drug:CHEMBL4582651,Hyponatraemia,Metabolic/Endocrine,4.0,1.6094379124341003,4,0.18,0.16084571298743328,1.0,1,0.09090909090909091,1,0,11.0,0.4116722929912104,True
drug:CHEMBL4582651,Blood Sodium Decreased,Metabolic/Endocrine,5.0,1.791759469228055,4,0.18,0.16084571298743328,1.0,1,0.09090909090909091,1,0,11.0,0.4116722929912104,True
drug:CHEMBL4582651,Weight Decreased,Metabolic/Endocrine,5.0,1.791759469228055,4,0.18,0.16084571298743328,1.0,1,0.09090909090909091,1,0,11.0,0.4116722929912104,True
drug:CHEMBL4582651,Weight Increased,Metabolic/Endocrine,9.0,2.302585092994046,4,0.18,0.16084571298743328,1.0,1,0.09090909090909091,1,0,11.0,0.4116722929912104,True
drug:CHEMBL4582651,Tumour Lysis Syndrome,Metabolic/Endocrine,3.0,1.3862943611198906,4,0.18,0.16084571298743328,1.0,1,0.09090909090909091,1,0,11.0,0.4116722929912104,True
drug:CHEMBL4582651,Hypothyroidism,Metabolic/Endocrine,4.0,1.6094379124341003,4,0.18,0.16084571298743328,1.0,1,0.09090909090909091,1,0,11.0,0.4116722929912104,True
drug:CHEMBL4582651,Hypoalbuminaemia,Metabolic/Endocrine,4.0,1.6094379124341003,4,0.18,0.16084571298743328,1.0,1,0.09090909090909091,1,0,11.0,0.4116722929912104,True
drug:CHEMBL4582651,Hyperkalaemia,Metabolic/Endocrine,3.0,1.3862943611198906,4,0.18,0.16084571298743328,1.0,1,0.09090909090909091,1,0,11.0,0.4116722929912104,True
drug:CHEMBL4582651,Dehydration,Metabolic/Endocrine,8.0,2.1972245773362196,4,0.18,0.16084571298743328,1.0,1,0.09090909090909091,1,0,11.0,0.4116722929912104,True
drug:CHEMBL4582651,Liver Disorder,Hepatic,3.0,1.3862943611198906,1,0.18,0.18,1.0,1,0.1111111111111111,1,0,11.0,0.40530644524029513,True
drug:CHEMBL4582651,Transaminases Increased,Hepatic,7.0,2.0794415416798357,1,0.18,0.18,1.0,1,0.1111111111111111,1,0,11.0,0.40530644524029513,True
drug:CHEMBL4582651,Blood Alkaline Phosphatase Increased,Hepatic,3.0,1.3862943611198906,1,0.18,0.18,1.0,1,0.1111111111111111,1,0,11.0,0.40530644524029513,True
drug:CHEMBL4582651,Alanine Aminotransferase Increased,Hepatic,7.0,2.0794415416798357,1,0.18,0.18,1.0,1,0.1111111111111111,1,0,11.0,0.40530644524029513,True
drug:CHEMBL4582651,Liver Injury,Hepatic,7.0,2.0794415416798357,1,0.18,0.18,1.0,1,0.1111111111111111,1,0,11.0,0.40530644524029513,True
drug:CHEMBL4582651,Aspartate Aminotransferase Increased,Hepatic,10.0,2.3978952727983707,1,0.18,0.18,1.0,1,0.1111111111111111,1,0,11.0,0.40530644524029513,True
drug:CHEMBL4582651,Liver Function Test Increased,Hepatic,4.0,1.6094379124341003,1,0.18,0.18,1.0,1,0.1111111111111111,1,0,11.0,0.40530644524029513,True
drug:CHEMBL4582651,Product Prescribing Issue,Other,131.0,4.882801922586371,0,0.0,0.0,0.0,0,0.02631578947368421,0,1,11.0,0.5992929240793883,False
drug:CHEMBL4582651,Fall,Other,13.0,2.6390573296152584,0,0.0,0.0,0.0,0,0.02631578947368421,0,1,11.0,0.5992929240793883,False
drug:CHEMBL4582651,Malaise,Other,11.0,2.4849066497880004,0,0.0,0.0,0.0,0,0.02631578947368421,0,1,11.0,0.5992929240793883,False
drug:CHEMBL4582651,Chills,Other,10.0,2.3978952727983707,0,0.0,0.0,0.0,0,0.02631578947368421,0,0,11.0,0.5992929240793883,False
drug:CHEMBL4582651,Death,Other,81.0,4.406719247264253,0,0.0,0.0,0.0,0,0.02631578947368421,0,1,11.0,0.5992929240793883,False
drug:CHEMBL4582651,General Physical Health Deterioration,Other,9.0,2.302585092994046,0,0.0,0.0,0.0,0,0.02631578947368421,0,0,11.0,0.5992929240793883,False
drug:CHEMBL4582651,Adverse Event,Other,9.0,2.302585092994046,0,0.0,0.0,0.0,0,0.02631578947368421,0,0,11.0,0.5992929240793883,False
drug:CHEMBL4582651,Chest Pain,Other,8.0,2.1972245773362196,0,0.0,0.0,0.0,0,0.02631578947368421,0,0,11.0,0.5992929240793883,False
drug:CHEMBL4582651,Adverse Drug Reaction,Other,7.0,2.0794415416798357,0,0.0,0.0,0.0,0,0.02631578947368421,0,0,11.0,0.5992929240793883,False
drug:CHEMBL4582651,Condition Aggravated,Other,7.0,2.0794415416798357,0,0.0,0.0,0.0,0,0.02631578947368421,0,0,11.0,0.5992929240793883,False
drug:CHEMBL4582651,Drug Intolerance,Other,7.0,2.0794415416798357,0,0.0,0.0,0.0,0,0.02631578947368421,0,0,11.0,0.5992929240793883,False
drug:CHEMBL4582651,Dysphonia,Other,7.0,2.0794415416798357,0,0.0,0.0,0.0,0,0.02631578947368421,0,0,11.0,0.5992929240793883,False
drug:CHEMBL4582651,Vision Blurred,Other,6.0,1.9459101490553132,0,0.0,0.0,0.0,0,0.02631578947368421,0,0,11.0,0.5992929240793883,False
drug:CHEMBL4582651,Surgery,Other,6.0,1.9459101490553132,0,0.0,0.0,0.0,0,0.02631578947368421,0,0,11.0,0.5992929240793883,False
drug:CHEMBL4582651,Haemorrhage,Other,5.0,1.791759469228055,0,0.0,0.0,0.0,0,0.02631578947368421,0,0,11.0,0.5992929240793883,False
drug:CHEMBL4582651,Illness,Other,5.0,1.791759469228055,0,0.0,0.0,0.0,0,0.02631578947368421,0,0,11.0,0.5992929240793883,False
drug:CHEMBL4582651,Ill-Defined Disorder,Other,5.0,1.791759469228055,0,0.0,0.0,0.0,0,0.02631578947368421,0,0,11.0,0.5992929240793883,False
drug:CHEMBL4582651,Toxicity To Various Agents,Other,4.0,1.6094379124341003,0,0.0,0.0,0.0,0,0.02631578947368421,0,0,11.0,0.5992929240793883,False
drug:CHEMBL4582651,Discomfort,Other,4.0,1.6094379124341003,0,0.0,0.0,0.0,0,0.02631578947368421,0,0,11.0,0.5992929240793883,False
drug:CHEMBL4582651,Hyperpyrexia,Other,4.0,1.6094379124341003,0,0.0,0.0,0.0,0,0.02631578947368421,0,0,11.0,0.5992929240793883,False
drug:CHEMBL4582651,Unevaluable Event,Other,4.0,1.6094379124341003,0,0.0,0.0,0.0,0,0.02631578947368421,0,0,11.0,0.5992929240793883,False
drug:CHEMBL4582651,Intentional Product Misuse,Other,3.0,1.3862943611198906,0,0.0,0.0,0.0,0,0.02631578947368421,0,0,11.0,0.5992929240793883,False
drug:CHEMBL4582651,Laboratory Test Abnormal,Other,3.0,1.3862943611198906,0,0.0,0.0,0.0,0,0.02631578947368421,0,0,11.0,0.5992929240793883,False
drug:CHEMBL4582651,Body Temperature Increased,Other,3.0,1.3862943611198906,0,0.0,0.0,0.0,0,0.02631578947368421,0,0,11.0,0.5992929240793883,False
drug:CHEMBL4582651,Tooth Extraction,Other,3.0,1.3862943611198906,0,0.0,0.0,0.0,0,0.02631578947368421,0,0,11.0,0.5992929240793883,False
drug:CHEMBL4582651,Emergency Care,Other,3.0,1.3862943611198906,0,0.0,0.0,0.0,0,0.02631578947368421,0,0,11.0,0.5992929240793883,False
drug:CHEMBL4582651,Product Use Issue,Other,3.0,1.3862943611198906,0,0.0,0.0,0.0,0,0.02631578947368421,0,0,11.0,0.5992929240793883,False
drug:CHEMBL4582651,Drug Ineffective,Other,12.0,2.5649493574615367,0,0.0,0.0,0.0,0,0.02631578947368421,0,1,11.0,0.5992929240793883,False
drug:CHEMBL4582651,Chest Discomfort,Other,9.0,2.302585092994046,0,0.0,0.0,0.0,0,0.02631578947368421,0,0,11.0,0.5992929240793883,False
drug:CHEMBL4582651,Nocturia,Other,3.0,1.3862943611198906,0,0.0,0.0,0.0,0,0.02631578947368421,0,0,11.0,0.5992929240793883,False
drug:CHEMBL4582651,Fatigue,Other,67.0,4.219507705176107,0,0.0,0.0,0.0,0,0.02631578947368421,0,1,11.0,0.5992929240793883,False
drug:CHEMBL4582651,Off Label Use,Other,65.0,4.189654742026425,0,0.0,0.0,0.0,0,0.02631578947368421,0,1,11.0,0.5992929240793883,False
drug:CHEMBL4582651,Pain,Other,21.0,3.091042453358316,0,0.0,0.0,0.0,0,0.02631578947368421,0,1,11.0,0.5992929240793883,False
drug:CHEMBL4582651,Hospitalisation,Other,30.0,3.4339872044851463,0,0.0,0.0,0.0,0,0.02631578947368421,0,1,11.0,0.5992929240793883,False
drug:CHEMBL4582651,Asthenia,Other,47.0,3.871201010907891,0,0.0,0.0,0.0,0,0.02631578947368421,0,1,11.0,0.5992929240793883,False
drug:CHEMBL4582651,Product Dose Omission Issue,Other,18.0,2.9444389791664403,0,0.0,0.0,0.0,0,0.02631578947368421,0,1,11.0,0.5992929240793883,False
drug:CHEMBL4582651,Pyrexia,Other,31.0,3.4657359027997265,0,0.0,0.0,0.0,0,0.02631578947368421,0,1,11.0,0.5992929240793883,False
drug:CHEMBL4582651,No Adverse Event,Other,33.0,3.5263605246161616,0,0.0,0.0,0.0,0,0.02631578947368421,0,1,11.0,0.5992929240793883,False
drug:CHEMBL4582651,Hypogeusia,Gastrointestinal,4.0,1.6094379124341003,0,0.0,0.0,0.0,0,0.037037037037037035,0,0,11.0,0.5965698784621946,False
drug:CHEMBL4582651,Gastrointestinal Disorder,Gastrointestinal,8.0,2.1972245773362196,0,0.0,0.0,0.0,0,0.037037037037037035,0,0,11.0,0.5965698784621946,False
drug:CHEMBL4582651,Ascites,Gastrointestinal,8.0,2.1972245773362196,0,0.0,0.0,0.0,0,0.037037037037037035,0,0,11.0,0.5965698784621946,False
drug:CHEMBL4582651,Abdominal Discomfort,Gastrointestinal,7.0,2.0794415416798357,0,0.0,0.0,0.0,0,0.037037037037037035,0,0,11.0,0.5965698784621946,False
drug:CHEMBL4582651,Abdominal Pain,Gastrointestinal,7.0,2.0794415416798357,0,0.0,0.0,0.0,0,0.037037037037037035,0,0,11.0,0.5965698784621946,False
drug:CHEMBL4582651,Dyspepsia,Gastrointestinal,5.0,1.791759469228055,0,0.0,0.0,0.0,0,0.037037037037037035,0,0,11.0,0.5965698784621946,False
drug:CHEMBL4582651,Dysgeusia,Gastrointestinal,4.0,1.6094379124341003,0,0.0,0.0,0.0,0,0.037037037037037035,0,0,11.0,0.5965698784621946,False
drug:CHEMBL4582651,Constipation,Gastrointestinal,43.0,3.784189633918261,0,0.0,0.0,0.0,0,0.037037037037037035,0,1,11.0,0.5965698784621946,False
drug:CHEMBL4582651,Flatulence,Gastrointestinal,4.0,1.6094379124341003,0,0.0,0.0,0.0,0,0.037037037037037035,0,0,11.0,0.5965698784621946,False
drug:CHEMBL4582651,Abdominal Pain Upper,Gastrointestinal,9.0,2.302585092994046,0,0.0,0.0,0.0,0,0.037037037037037035,0,0,11.0,0.5965698784621946,False
drug:CHEMBL4582651,Gastritis,Gastrointestinal,3.0,1.3862943611198906,0,0.0,0.0,0.0,0,0.037037037037037035,0,0,11.0,0.5965698784621946,False
drug:CHEMBL4582651,Hypoaesthesia Oral,Gastrointestinal,3.0,1.3862943611198906,0,0.0,0.0,0.0,0,0.037037037037037035,0,0,11.0,0.5965698784621946,False
drug:CHEMBL4582651,Oral Pain,Gastrointestinal,3.0,1.3862943611198906,0,0.0,0.0,0.0,0,0.037037037037037035,0,0,11.0,0.5965698784621946,False
drug:CHEMBL4582651,Mucosal Inflammation,Gastrointestinal,3.0,1.3862943611198906,0,0.0,0.0,0.0,0,0.037037037037037035,0,0,11.0,0.5965698784621946,False
drug:CHEMBL4582651,Abdominal Distension,Gastrointestinal,3.0,1.3862943611198906,0,0.0,0.0,0.0,0,0.037037037037037035,0,0,11.0,0.5965698784621946,False
drug:CHEMBL4582651,Enterocolitis,Gastrointestinal,3.0,1.3862943611198906,0,0.0,0.0,0.0,0,0.037037037037037035,0,0,11.0,0.5965698784621946,False
drug:CHEMBL4582651,Dry Throat,Gastrointestinal,3.0,1.3862943611198906,0,0.0,0.0,0.0,0,0.037037037037037035,0,0,11.0,0.5965698784621946,False
drug:CHEMBL4582651,Diarrhoea,Gastrointestinal,52.0,3.970291913552122,0,0.0,0.0,0.0,0,0.037037037037037035,0,1,11.0,0.5965698784621946,False
drug:CHEMBL4582651,Dry Mouth,Gastrointestinal,24.0,3.2188758248682006,0,0.0,0.0,0.0,0,0.037037037037037035,0,1,11.0,0.5965698784621946,False
drug:CHEMBL4582651,Nausea,Gastrointestinal,26.0,3.295836866004329,0,0.0,0.0,0.0,0,0.037037037037037035,0,1,11.0,0.5965698784621946,False
drug:CHEMBL4582651,Oropharyngeal Pain,Gastrointestinal,9.0,2.302585092994046,0,0.0,0.0,0.0,0,0.037037037037037035,0,0,11.0,0.5965698784621946,False
drug:CHEMBL4582651,Dysphagia,Gastrointestinal,12.0,2.5649493574615367,0,0.0,0.0,0.0,0,0.037037037037037035,0,1,11.0,0.5965698784621946,False
drug:CHEMBL4582651,Vomiting,Gastrointestinal,15.0,2.772588722239781,0,0.0,0.0,0.0,0,0.037037037037037035,0,1,11.0,0.5965698784621946,False
drug:CHEMBL4582651,Taste Disorder,Gastrointestinal,15.0,2.772588722239781,0,0.0,0.0,0.0,0,0.037037037037037035,0,1,11.0,0.5965698784621946,False
drug:CHEMBL4582651,Mouth Ulceration,Gastrointestinal,9.0,2.302585092994046,0,0.0,0.0,0.0,0,0.037037037037037035,0,0,11.0,0.5965698784621946,False
drug:CHEMBL4582651,Ageusia,Gastrointestinal,11.0,2.4849066497880004,0,0.0,0.0,0.0,0,0.037037037037037035,0,1,11.0,0.5965698784621946,False
drug:CHEMBL4582651,Stomatitis,Gastrointestinal,16.0,2.833213344056216,0,0.0,0.0,0.0,0,0.037037037037037035,0,1,11.0,0.5965698784621946,False
drug:CHEMBL4582651,White Blood Cell Count Decreased,Haematological,35.0,3.58351893845611,63,0.18,0.1470698892813784,1.0,3,0.0625,1,1,11.0,0.5542028412521323,False
drug:CHEMBL4582651,Neutropenia,Haematological,17.0,2.8903717578961645,63,0.18,0.1470698892813784,1.0,3,0.0625,1,1,11.0,0.5542028412521323,False
drug:CHEMBL4582651,Platelet Count Decreased,Haematological,23.0,3.1780538303479458,63,0.18,0.1470698892813784,1.0,3,0.0625,1,1,11.0,0.5542028412521323,False
drug:CHEMBL4582651,Haemoglobin Decreased,Haematological,16.0,2.833213344056216,63,0.18,0.1470698892813784,1.0,3,0.0625,1,1,11.0,0.5542028412521323,False
drug:CHEMBL4582651,Red Blood Cell Count Decreased,Haematological,12.0,2.5649493574615367,63,0.18,0.1470698892813784,1.0,3,0.0625,1,1,11.0,0.5542028412521323,False
drug:CHEMBL4582651,Anaemia,Haematological,49.0,3.912023005428146,63,0.18,0.1470698892813784,1.0,3,0.0625,1,1,11.0,0.5542028412521323,False
drug:CHEMBL4582651,Covid-19,Immune/Infection,13.0,2.6390573296152584,30,0.18,0.11504320953296118,1.0,3,0.0625,1,1,11.0,0.4747969072574272,False
drug:CHEMBL4582651,Pneumonia,Immune/Infection,33.0,3.5263605246161616,30,0.18,0.11504320953296118,1.0,3,0.0625,1,1,11.0,0.4747969072574272,False
drug:CHEMBL4582651,Urinary Tract Infection,Immune/Infection,14.0,2.70805020110221,30,0.18,0.11504320953296118,1.0,3,0.0625,1,1,11.0,0.4747969072574272,False
drug:CHEMBL4582651,Dizziness,Neurological,26.0,3.295836866004329,18,0.18,0.15998993464787797,1.0,2,0.05,1,1,11.0,0.458041475549998,False
drug:CHEMBL4582651,Headache,Neurological,18.0,2.9444389791664403,18,0.18,0.15998993464787797,1.0,2,0.05,1,1,11.0,0.458041475549998,False
drug:CHEMBL4582651,Disease Progression,Proliferative,39.0,3.6888794541139363,21,0.18,0.11122994113298083,1.0,3,0.14285714285714285,1,1,11.0,0.4335623500821887,False
drug:CHEMBL4582651,Oedema,Oedema/Fluid,15.0,2.772588722239781,2,0.10338285194973315,0.10338285194973315,1.0,2,0.1,1,1,11.0,0.4248533957033458,False
drug:CHEMBL4582651,Oedema Peripheral,Oedema/Fluid,11.0,2.4849066497880004,2,0.10338285194973315,0.10338285194973315,1.0,2,0.1,1,1,11.0,0.4248533957033458,False
drug:CHEMBL4582651,Pleural Effusion,Pulmonary,11.0,2.4849066497880004,1,0.18,0.18,1.0,1,0.07692307692307693,1,1,11.0,0.41404120160697216,False
drug:CHEMBL4582651,Cough,Pulmonary,28.0,3.367295829986474,1,0.18,0.18,1.0,1,0.07692307692307693,1,1,11.0,0.41404120160697216,False
drug:CHEMBL4582651,Interstitial Lung Disease,Pulmonary,18.0,2.9444389791664403,1,0.18,0.18,1.0,1,0.07692307692307693,1,1,11.0,0.41404120160697216,False
drug:CHEMBL4582651,Dyspnoea,Pulmonary,25.0,3.258096538021482,1,0.18,0.18,1.0,1,0.07692307692307693,1,1,11.0,0.41404120160697216,False
drug:CHEMBL4582651,Pneumonitis,Pulmonary,24.0,3.2188758248682006,1,0.18,0.18,1.0,1,0.07692307692307693,1,1,11.0,0.41404120160697216,False
drug:CHEMBL4582651,Back Pain,Musculoskeletal,15.0,2.772588722239781,1,0.18,0.18,1.0,1,0.08333333333333333,1,1,11.0,0.412399134104045,False
drug:CHEMBL4582651,Arthralgia,Musculoskeletal,21.0,3.091042453358316,1,0.18,0.18,1.0,1,0.08333333333333333,1,1,11.0,0.412399134104045,False
drug:CHEMBL4582651,Hypotension,Cardiovascular,11.0,2.4849066497880004,8,0.18,0.10239491991087632,1.0,3,0.1111111111111111,1,1,11.0,0.4121263715743078,False
drug:CHEMBL4582651,Hypertension,Cardiovascular,42.0,3.7612001156935624,8,0.18,0.10239491991087632,1.0,3,0.1111111111111111,1,1,11.0,0.4121263715743078,False
drug:CHEMBL4582651,Blood Pressure Increased,Cardiovascular,43.0,3.784189633918261,8,0.18,0.10239491991087632,1.0,3,0.1111111111111111,1,1,11.0,0.4121263715743078,False
drug:CHEMBL4582651,Decreased Appetite,Metabolic/Endocrine,18.0,2.9444389791664403,4,0.18,0.16084571298743328,1.0,1,0.09090909090909091,1,1,11.0,0.4116722929912104,False
drug:CHEMBL4582651,Hepatic Enzyme Increased,Hepatic,12.0,2.5649493574615367,1,0.18,0.18,1.0,1,0.1111111111111111,1,1,11.0,0.40530644524029513,False
drug:CHEMBL4582651,Hepatic Function Abnormal,Hepatic,20.0,3.044522437723423,1,0.18,0.18,1.0,1,0.1111111111111111,1,1,11.0,0.40530644524029513,False
drug:CHEMBL4582651,Rash,Skin,18.0,2.9444389791664403,1,0.18,0.18,1.0,1,0.14285714285714285,1,1,11.0,0.39724880486249387,False
drug:CHEMBL4582651,Eczema,Skin,4.0,1.6094379124341003,1,0.18,0.18,1.0,1,0.14285714285714285,1,0,11.0,0.39724880486249387,False
drug:CHEMBL4582651,Palmar-Plantar Erythrodysaesthesia Syndrome,Skin,3.0,1.3862943611198906,1,0.18,0.18,1.0,1,0.14285714285714285,1,0,11.0,0.39724880486249387,False
drug:CHEMBL4582651,Hyperhidrosis,Skin,4.0,1.6094379124341003,1,0.18,0.18,1.0,1,0.14285714285714285,1,0,11.0,0.39724880486249387,False
drug:CHEMBL4582651,Alopecia,Skin,5.0,1.791759469228055,1,0.18,0.18,1.0,1,0.14285714285714285,1,0,11.0,0.39724880486249387,False
drug:CHEMBL4582651,Pruritus,Skin,5.0,1.791759469228055,1,0.18,0.18,1.0,1,0.14285714285714285,1,0,11.0,0.39724880486249387,False
drug:CHEMBL4582651,Rash Macular,Skin,3.0,1.3862943611198906,1,0.18,0.18,1.0,1,0.14285714285714285,1,0,11.0,0.39724880486249387,False
drug:CHEMBL4582651,Renal Impairment,Renal,15.0,2.772588722239781,9,0.18,0.15979185648074046,1.0,2,0.25,1,1,11.0,0.38766500391151565,False
drug:CHEMBL4582651,Dysuria,Renal,3.0,1.3862943611198906,9,0.18,0.15979185648074046,1.0,2,0.25,1,0,11.0,0.38766500391151565,False
drug:CHEMBL4582651,Renal Function Test Abnormal,Renal,5.0,1.791759469228055,9,0.18,0.15979185648074046,1.0,2,0.25,1,0,11.0,0.38766500391151565,False
drug:CHEMBL4582651,Blood Creatinine Increased,Renal,8.0,2.1972245773362196,9,0.18,0.15979185648074046,1.0,2,0.25,1,0,11.0,0.38766500391151565,False
drug:CHEMBL4582651,Myocardial Necrosis Marker Increased,Cell Death/Apoptosis,7.0,2.0794415416798357,12,0.18,0.15446095064991103,1.0,2,1.0,1,0,11.0,0.22627194230728775,False
